_ID_,bar,barTemp,humidity,mslBar,time
5,99.8327026,23.2508354,20.1079121,125.148224,210.93879443535116
21,99.8282852,23.2558556,20.107708,125.521233,210.96279443649109
34,99.8248291,23.2508354,20.0800896,125.813118,210.97079443687107
52,99.8335342,23.2558556,20.0631905,125.077805,210.97879443725105
65,99.8343964,23.2608738,19.9628086,125.004845,210.98679443763103
73,99.8318405,23.2458172,20.0413494,125.221191,210.99881201190874
80,99.8291473,23.2608738,19.9961987,125.448265,211.00681201228872
84,99.8256607,23.2558556,20.0965786,125.743202,211.0148120126687
88,99.8274536,23.2508354,20.2080727,125.591652,211.02281201304868
91,99.8353271,23.2508354,19.8574963,124.92627,211.03081201342866
96,99.8318405,23.2458172,20.0524788,125.221191,211.03881201380864
101,99.8335342,23.2558556,20.0019779,125.077805,211.04681201418862
106,99.829216,23.2458172,19.8855362,125.44265,211.0548120145686
112,99.8309097,23.2558556,19.9185028,125.299774,211.06681201513857
123,99.8317719,23.2608738,20.0295868,125.226807,211.09081201627851
130,99.8309097,23.2558556,19.7626801,125.299774,211.09887915058061
141,99.8256607,23.2558556,19.9852829,125.743202,211.11487915134057
146,99.829216,23.2458172,20.1693344,125.44265,211.12287915172055
152,99.8317719,23.2608738,20.11306,125.226807,211.13487915229052
157,99.8256607,23.2558556,19.8016376,125.743202,211.1428791526705
162,99.8221359,23.2658939,19.7288551,126.040718,211.15087915305048
166,99.8300095,23.2658939,19.8012047,125.375801,211.15887915343046
171,99.8291473,23.2608738,19.9071579,125.448265,211.16687915381044
175,99.8195114,23.2658939,19.8123341,126.262703,211.17487915419042
179,99.8291473,23.2608738,19.8515072,125.448265,211.1828791545704
182,99.8265228,23.2608738,20.0685406,125.670235,211.19087915495038
192,99.8238983,23.2608738,19.8848972,125.892212,211.2028547367081
195,99.8282471,23.2709122,20.2573166,125.524803,211.21085473708808
200,99.8265228,23.2608738,19.8515072,125.670235,211.21885473746806
205,99.8247604,23.2658939,20.0182438,125.819244,211.22685473784804
210,99.8212738,23.2608738,20.1464481,126.113686,211.23485473822802
215,99.8282471,23.2709122,20.1015034,125.524803,211.242854738608
218,99.8334961,23.2709122,19.6952438,125.080872,211.25085473898798
223,99.8273849,23.2658939,20.0516338,125.597267,211.25885473936796
229,99.8300095,23.2658939,19.9236393,125.375801,211.27085473993793
233,99.8256607,23.2558556,20.1021423,125.743202,211.27885474031791
238,99.8273849,23.2658939,20.1239758,125.597267,211.28685474069789
246,99.8317719,23.2608738,19.8570728,125.226807,211.29483032226563
253,99.8265228,23.2608738,20.07967,125.670235,211.30278833012562
256,99.8247604,23.2658939,19.8512917,125.819244,211.3107883305056
261,99.8256226,23.2709122,19.7620296,125.746269,211.31878833088558
266,99.8247604,23.2658939,20.0905876,125.819244,211.32678833126556
272,99.832634,23.2658939,19.6342411,125.153839,211.33878833183553
279,99.8308716,23.2709122,19.7119408,125.302834,211.34678833221551
284,99.8291473,23.2608738,19.7735939,125.448265,211.35478833259549
289,99.8299408,23.2809505,19.9619579,125.381416,211.36278833297547
292,99.822998,23.2709122,19.6395893,125.968254,211.39480590820313
299,99.8308716,23.2709122,20.0069008,125.302834,211.40680590877309
304,99.8325729,23.2809505,20.0231762,125.158936,211.41480590915307
309,99.8308716,23.2709122,19.9568138,125.302834,211.42280590953305
312,99.8282471,23.2709122,19.9345531,125.524803,211.43080590991303
316,99.8308716,23.2709122,20.0013351,125.302834,211.43880591029301
321,99.8300095,23.2658939,19.9737244,125.375801,211.44680591067299
330,99.8334961,23.2709122,20.107069,125.080872,211.46280591143295
339,99.8238983,23.2608738,19.6622868,125.892212,211.4828059123829
342,99.8351974,23.2809505,19.8506527,124.937492,211.49080591276288
350,99.8273849,23.2658939,20.1072826,125.597267,211.49887304706499
357,99.8256226,23.2709122,19.9067287,125.746269,211.50687304744497
362,99.8273849,23.2658939,19.7845078,125.597267,211.51487304782495
366,99.8300095,23.2658939,19.6954632,125.375801,211.52287304820493
369,99.8317032,23.2759323,20.0512142,125.232414,211.53087304858491
378,99.8334961,23.2709122,19.9623795,125.080872,211.54287304915488
381,99.8290787,23.2759323,20.1291237,125.454384,211.55087304953486
386,99.8343277,23.2759323,19.7673874,125.010963,211.55887304991484
391,99.8317032,23.2759323,19.9454784,125.232414,211.56687305029482
396,99.8343277,23.2759323,19.9454784,125.010963,211.5748730506748
401,99.8351974,23.2809505,19.878479,124.937492,211.58287305105478
404,99.837822,23.2809505,20.0343056,124.71553,211.59087305143476
410,99.8290787,23.2759323,20.0679092,125.454384,211.59884863300249
417,99.8300095,23.2658939,19.879118,125.375801,211.61084863357246
422,99.8308716,23.2709122,19.739769,125.302834,211.61884863395244
426,99.8282471,23.2709122,19.9011631,125.524803,211.62684863433242
431,99.8317032,23.2759323,20.0066948,125.232414,211.6348486347124
438,99.8273163,23.2809505,19.8339558,125.603386,211.65084863547236
442,99.8290787,23.2759323,19.78965,125.454384,211.65884863585234
446,99.8273163,23.2809505,20.0899563,125.603386,211.66684863623232
451,99.8299408,23.2809505,19.7894325,125.381416,211.67884863680229
456,99.8264542,23.2759323,19.5336304,125.67585,211.68684863718227
463,99.8334351,23.2859707,20.0841789,125.086487,211.69482421875
468,99.8325729,23.2809505,19.9619579,125.158936,211.70278222661
471,99.8317032,23.2759323,19.4612732,125.232414,211.71078222698998
475,99.8334351,23.2859707,20.0062656,125.086487,211.71878222736996
480,99.8273163,23.2809505,20.0287399,125.603386,211.72678222774994
485,99.8264542,23.2759323,19.8842602,125.67585,211.73478222812992
492,99.8290787,23.2759323,20.0233898,125.454384,211.74678222869989
497,99.8299408,23.2809505,19.9563942,125.381416,211.75478222907986
501,99.8220673,23.2809505,19.8896103,126.046837,211.76278222945984
504,99.8299408,23.2809505,19.9953499,125.381416,211.77078222983982
509,99.8273163,23.2809505,19.8116951,125.603386,211.7787822302198
514,99.8299408,23.2809505,19.750473,125.381416,211.78678223059978
520,99.8255615,23.2859707,19.7446918,125.751373,211.7947998046875
526,99.8325729,23.2809505,20.0398712,125.158936,211.80279980506748
532,99.8282471,23.2709122,19.9456844,125.524803,211.81479980563745
536,99.8273163,23.2809505,20.0565662,125.603386,211.82279980601743
539,99.8334351,23.2859707,19.9784393,125.086487,211.83079980639741
544,99.8282471,23.2709122,20.107069,125.524803,211.83879980677739
553,99.8290787,23.2759323,19.806345,125.454384,211.85479980753735
556,99.8316422,23.2909889,20.1340599,125.237518,211.86279980791733
559,99.8325729,23.2809505,19.8450871,125.158936,211.87079980829731
566,99.8256226,23.2709122,19.9568138,125.746269,211.88279980886728
569,99.8264542,23.2759323,20.0066948,125.67585,211.89079980924726
577,99.8360596,23.2859707,19.8281746,124.864525,211.89886694354936
582,99.8308716,23.2709122,19.9011631,125.302834,211.90686694392934
587,99.8299408,23.2809505,19.9675236,125.381416,211.91486694430932
598,99.8264542,23.2759323,20.0289536,125.67585,211.93886694544926
605,99.8308105,23.2859707,20.0619183,125.307938,211.95086694601923
609,99.8246918,23.2809505,19.9619579,125.824852,211.95886694639921
614,99.8299408,23.2809505,19.8005638,125.381416,211.96686694677919
619,99.8272552,23.2960091,19.6329479,125.60849,211.97486694715917
624,99.8299408,23.2809505,19.861784,125.381416,211.98286694753915
627,99.8246918,23.2809505,19.9786549,125.824852,211.99086694791913
632,99.8264542,23.2759323,19.8842602,125.67585,211.99884252948686
638,99.8273163,23.2809505,20.1010857,125.603386,212.00684252986684
647,99.8255615,23.2859707,19.9561787,125.751373,212.02684253081679
652,99.8308105,23.2859707,19.8170433,125.307938,212.03484253119677
657,99.8325043,23.2960091,19.7943573,125.165062,212.04284253157675
660,99.8290176,23.2909889,19.761179,125.459488,212.05084253195673
665,99.8246918,23.2809505,19.7838669,125.824852,212.05884253233671
670,99.8290176,23.2909889,19.5162811,125.459488,212.06684253271669
674,99.822937,23.2859707,19.7558231,125.973351,212.07484253309667
679,99.8308105,23.2859707,19.9561787,125.307938,212.08684253366664
686,99.8290176,23.2909889,20.1451893,125.459488,212.09481811523438
693,99.8263855,23.2909889,19.8335323,125.681969,212.102783203125
696,99.8334351,23.2859707,19.5331917,125.086487,212.11078320350498
701,99.8316422,23.2909889,19.7333508,125.237518,212.11878320388496
706,99.8255615,23.2859707,19.9283524,125.751373,212.12678320426494
711,99.8273163,23.2809505,20.0064812,125.603386,212.13478320464492
723,99.8316422,23.2909889,19.950407,125.237518,212.15478320559487
727,99.8246918,23.2809505,20.1010857,125.824852,212.16278320597485
730,99.828186,23.2859707,19.7001667,125.529907,212.17078320635483
735,99.8246918,23.2809505,19.9675236,125.824852,212.17878320673481
740,99.822937,23.2859707,19.6779022,125.973351,212.18678320711479
745,99.8299408,23.2809505,19.7393436,125.381416,212.19479370117188
752,99.8273163,23.2809505,19.878479,125.603386,212.21079370193183
760,99.8255615,23.2859707,19.950613,125.751373,212.2227937025018
763,99.8308105,23.2859707,19.9116554,125.307938,212.23079370288178
768,99.828186,23.2859707,19.6222458,125.529907,212.23879370326176
773,99.8263855,23.2909889,19.8947525,125.681969,212.24679370364174
778,99.8272552,23.2960091,19.9112339,125.60849,212.25479370402172
783,99.8220062,23.2960091,19.7053051,126.051949,212.2627937044017
786,99.8290176,23.2909889,19.7890072,125.459488,212.27079370478168
790,99.8316422,23.2909889,20.0617123,125.237518,212.27879370516166
801,99.823761,23.2909889,19.9170151,125.903442,212.29886084003374
808,99.8272552,23.2960091,19.894537,125.60849,212.30686084041372
813,99.822937,23.2859707,19.5999813,125.973351,212.3148608407937
818,99.8290176,23.2909889,19.6943913,125.459488,212.32286084117368
821,99.822937,23.2859707,19.7836514,125.973351,212.33086084155366
826,99.8272552,23.2960091,19.9334965,125.60849,212.33886084193364
833,99.8263855,23.2909889,19.950407,125.681969,212.34686084231362
839,99.8246307,23.2960091,19.8500137,125.829956,212.35886084288359
844,99.8272552,23.2960091,19.7275677,125.60849,212.36686084326357
849,99.8307419,23.3010273,19.7885742,125.313545,212.37486084364355
854,99.8290176,23.2909889,19.9170151,125.459488,212.38286084402353
857,99.8272552,23.2960091,19.8277512,125.60849,212.39086084440351
861,99.8263855,23.2909889,19.7945728,125.681969,212.39883642597124
867,99.8316422,23.2909889,19.967104,125.237518,212.40683642635122
872,99.8342667,23.2909889,19.822401,125.016068,212.4148364267312
877,99.8290176,23.2909889,19.9058838,125.459488,212.42683642730117
882,99.828949,23.3060474,19.5824261,125.465103,212.43483642768115
886,99.8281174,23.3010273,19.8943233,125.535522,212.44283642806113
889,99.8333664,23.3010273,19.9388466,125.092094,212.45083642844111
894,99.8281174,23.3010273,19.8108387,125.535522,212.45883642882109
899,99.8263855,23.2909889,19.7834415,125.681969,212.46683642920107
904,99.8315735,23.3060474,19.8217621,125.243637,212.47483642958105
908,99.8298798,23.2960091,19.722002,125.38652,212.48283642996103
917,99.8246307,23.2960091,19.7275677,125.829956,212.49481201171875
924,99.8281174,23.3010273,20.04459,125.535522,212.50277709960938
927,99.8307419,23.3010273,19.7050877,125.313545,212.51077709998935
932,99.8263245,23.3060474,19.9108124,125.68708,212.51877710036933
936,99.8281174,23.3010273,19.6215992,125.535522,212.52677710074931
941,99.8307419,23.3010273,20.0167637,125.313545,212.53477710112929
946,99.828949,23.3060474,20.0165577,125.465103,212.54277710150927
958,99.8281174,23.3010273,19.9054527,125.535522,212.56277710245922
961,99.8272552,23.2960091,19.8054886,125.60849,212.5707771028392
966,99.8298798,23.2960091,19.7999229,125.38652,212.57877710321918
971,99.8325043,23.2960091,19.6106853,125.165062,212.58677710359916
977,99.8307419,23.3010273,19.7551804,125.313545,212.59478759765625
983,99.8272552,23.2960091,19.861145,125.60849,212.60278759803623
986,99.8325043,23.2960091,19.6886082,125.165062,212.61078759841621
991,99.8315735,23.3060474,19.793932,125.243637,212.61878759879619
1001,99.8298798,23.2960091,19.8110542,125.38652,212.63878759974614
1006,99.8307419,23.3010273,19.5993347,125.313545,212.64678760012612
1011,99.8281174,23.3010273,19.9221497,125.535522,212.6547876005061
1016,99.8307419,23.3010273,19.760746,125.313545,212.66278760088608
1019,99.8272552,23.2960091,19.8889732,125.60849,212.67078760126606
1024,99.834198,23.3060474,19.8050632,125.021675,212.67878760164604
1029,99.8333664,23.3010273,19.8553638,125.092094,212.68678760202602
1038,99.828949,23.3060474,19.8106289,125.465103,212.69885473651811
1044,99.8272552,23.2960091,19.6385155,125.60849,212.70685473689809
1049,99.8254929,23.3010273,19.7050877,125.757492,212.71485473727807
1054,99.828949,23.3060474,19.916378,125.465103,212.72285473765805
1057,99.8333664,23.3010273,19.9499779,125.092094,212.73085473803803
1062,99.8315735,23.3060474,19.6826153,125.243637,212.73885473841801
1068,99.8298111,23.3110657,19.6990948,125.392639,212.74685473879799
1073,99.8263245,23.3060474,19.5601616,125.68708,212.75485473917797
1079,99.8281174,23.3010273,19.9555435,125.535522,212.76685473974794
1083,99.8324356,23.3110657,19.955122,125.17067,212.77485474012792
1088,99.828949,23.3060474,19.6881809,125.465103,212.7828547405079
1091,99.8315735,23.3060474,19.6659164,125.243637,212.79085474088788
1096,99.8307419,23.3010273,19.6828232,125.313545,212.79883032245561
1102,99.8281174,23.3010273,19.6271648,125.535522,212.80683032283559
1106,99.8228683,23.3010273,19.5269756,125.978966,212.81483032321557
1111,99.8263245,23.3060474,19.5712929,125.68708,212.82283032359555
1117,99.828949,23.3060474,19.777235,125.465103,212.83483032416552
1122,99.8332977,23.3160858,19.4929256,125.09771,212.8428303245455
1125,99.828949,23.3060474,19.7382736,125.465103,212.85083032492548
1131,99.8332977,23.3160858,19.915947,125.09771,212.85883032530546
1135,99.8280487,23.3160858,19.6766129,125.54113,212.86683032568544
1140,99.8298111,23.3110657,19.7380562,125.392639,212.87483032606542
1145,99.8280487,23.3160858,19.6654816,125.54113,212.8828303264454
1148,99.8298111,23.3110657,19.3985176,125.392639,212.89083032682538
1159,99.8324356,23.3110657,19.6990948,125.17067,212.90303857426625
1162,99.8263245,23.3060474,19.7828007,125.68708,212.91078515653498
1166,99.8280487,23.3160858,19.8324604,125.54113,212.91878515691496
1171,99.8350601,23.3110657,19.7436237,124.948715,212.92678515729494
1176,99.8306732,23.3160858,19.5764217,125.319672,212.93478515767492
1181,99.8298111,23.3110657,19.754755,125.392639,212.9427851580549
1186,99.8280487,23.3160858,19.587553,125.54113,212.95078515843488
1196,99.828949,23.3060474,19.6158218,125.465103,212.97078515938483
1201,99.8341599,23.321104,19.553936,125.025253,212.97878515976481
1206,99.8349915,23.3261242,19.7652435,124.954834,212.98678516014479
1212,99.8289108,23.321104,19.581768,125.468674,212.99478149414063
1218,99.834198,23.3060474,19.716011,125.021675,213.0027814945206
1221,99.8350601,23.3110657,19.6100368,124.948715,213.01078149490058
1226,99.8359222,23.3160858,19.8157635,124.876259,213.01878149528056
1236,99.8385468,23.3160858,19.8101978,124.654305,213.03878149623051
1241,99.8332977,23.3160858,19.7601032,125.09771,213.04678149661049
1246,99.8350601,23.3110657,19.8438091,124.948715,213.05478149699047
1251,99.8315735,23.3060474,19.7215767,125.243637,213.06278149737045
1254,99.8271866,23.3110657,19.4987125,125.614098,213.07078149775043
1259,99.8306732,23.3160858,19.48736,125.319672,213.07878149813041
1263,99.8262863,23.321104,19.8823376,125.69014,213.08678149851039
1270,99.8315353,23.321104,19.5094051,125.246704,213.0948486328125
1278,99.8306732,23.3160858,19.8268948,125.319672,213.10684863338247
1282,99.8332977,23.3160858,20.0495224,125.09771,213.11484863376245
1286,99.8306732,23.3160858,19.5207577,125.319672,213.12284863414243
1289,99.8315353,23.321104,19.7320557,125.246704,213.13084863452241
1294,99.8280487,23.3160858,19.6821785,125.54113,213.13884863490239
1301,99.8324356,23.3110657,19.754755,125.17067,213.14684863528237
1306,99.8359222,23.3160858,19.7434063,124.876259,213.15484863566235
1310,99.8227997,23.3160858,19.6543484,125.985092,213.16284863604233
1316,99.8298111,23.3110657,19.6823959,125.392639,213.1748486366123
1320,99.8289108,23.321104,19.6596966,125.468674,213.18284863699228
1323,99.8271179,23.3261242,19.8487339,125.620232,213.19084863737226
1329,99.8315353,23.321104,19.6318645,125.246704,213.19882421893999
1338,99.8280487,23.3160858,19.8213291,125.54113,213.21482421969995
1343,99.8297424,23.3261242,19.8876972,125.398254,213.22282422007993
1353,99.8289108,23.321104,19.6875267,125.468674,213.24282422102988
1360,99.8280487,23.3160858,19.5318909,125.54113,213.25882422178984
1365,99.8323669,23.3261242,19.6149559,125.176285,213.26682422216982
1370,99.8332977,23.3160858,19.8769875,125.09771,213.2748242225498
1374,99.8254242,23.3160858,19.5652885,125.763107,213.28282422292978
1377,99.8297424,23.3261242,19.5091934,125.398254,213.29082422330976
1384,99.8271179,23.3261242,19.9210911,125.620232,213.29879980487749
1392,99.8289108,23.321104,19.7988491,125.468674,213.31077905301936
1397,99.8254242,23.3160858,19.8268948,125.763107,213.31877905339934
1402,99.8271179,23.3261242,19.6205235,125.620232,213.32677905377932
1407,99.8323669,23.3261242,19.6316547,125.176285,213.3347790541593
1412,99.8236618,23.321104,19.7042255,125.912117,213.34277905453928
1417,99.8253555,23.3311424,19.6091709,125.76873,213.35077905491926
1421,99.8254242,23.3160858,19.7768021,125.763107,213.35877905529924
1426,99.8227997,23.3160858,19.587553,125.985092,213.36677905567922
1434,99.8341599,23.321104,19.3813744,125.025253,213.40277539100498
1437,99.8306046,23.3311424,19.5757732,125.325287,213.41077539138496
1442,99.8236618,23.321104,19.6318645,125.912117,213.41877539176494
1447,99.8297424,23.3261242,19.6483536,125.398254,213.42677539214492
1451,99.8289108,23.321104,19.9268646,125.468674,213.4347753925249
1457,99.8306046,23.3311424,19.7260647,125.325287,213.44677539309487
1462,99.8271179,23.3261242,19.8988285,125.620232,213.45477539347485
1467,99.8297424,23.3261242,19.6427879,125.398254,213.46277539385483
1470,99.8271179,23.3261242,19.5648594,125.620232,213.47077539423481
1474,99.8314743,23.3361626,19.6145191,125.251808,213.47877539461479
1479,99.8297424,23.3261242,19.570425,125.398254,213.48677539499477
1487,99.8262253,23.3361626,19.3083496,125.695236,213.49484252929688
1494,99.8332291,23.3311424,19.6370029,125.103828,213.50284252967685
1502,99.82798,23.3311424,19.4755745,125.547256,213.5228425306268
1509,99.8358612,23.3311424,19.5034084,124.881363,213.53884253138676
1516,99.8306046,23.3311424,19.56464,125.325287,213.54684253176674
1524,99.8297424,23.3261242,19.7207146,125.398254,213.5628425325267
1527,99.8253555,23.3311424,19.6815338,125.76873,213.57084253290668
1534,99.8306046,23.3311424,19.3141384,125.325287,213.58284253347665
1542,99.8323669,23.3261242,19.8654327,125.176285,213.59881811542436
1548,99.8262253,23.3361626,19.7592449,125.695236,213.60681811580434
1551,99.8288498,23.3361626,19.6980152,125.47377,213.61481811618432
1557,99.8271179,23.3261242,19.6149559,125.620232,213.63081811694428
1562,99.8358612,23.3311424,19.8039913,124.881363,213.63881811732426
1567,99.82798,23.3311424,19.414341,125.547256,213.65081811789423
1572,99.8332291,23.3311424,19.5924721,125.103828,213.65881811827421
1576,99.8306046,23.3311424,19.7538948,125.325287,213.66681811865419
1581,99.8270493,23.3411808,19.703373,125.625839,213.67481811903417
1585,99.8306046,23.3311424,19.6203041,125.325287,213.68281811941415
1588,99.8314743,23.3361626,19.5365887,125.251808,213.69081811979413
1596,99.8253555,23.3311424,19.5089741,125.76873,213.69879370136186
1603,99.8271179,23.3261242,19.7040157,125.620232,213.70677294931374
1613,99.8323669,23.3261242,19.7262821,125.176285,213.72677295026369
1618,99.82798,23.3311424,19.6425705,125.547256,213.73477295064367
1623,99.8358612,23.3311424,19.6815338,124.881363,213.74277295102365
1628,99.8262863,23.321104,19.6485634,125.69014,213.75077295140363
1633,99.8270493,23.3411808,19.4695759,125.625839,213.75877295178361
1638,99.8322983,23.3411808,19.8258305,125.182411,213.76677295216359
1643,99.8384857,23.3311424,19.6147385,124.659409,213.77477295254357
1649,99.8288498,23.3361626,19.831604,125.47377,213.78677295311354
1655,99.82798,23.3311424,19.809557,125.547256,213.79476928710938
1661,99.8314743,23.3361626,19.6200848,125.251808,213.80276928748935
1664,99.8349304,23.3411808,19.8202648,124.959946,213.81076928786933
1667,99.8358612,23.3311424,19.5145416,124.881363,213.81876928824931
1672,99.8340988,23.3361626,19.5644207,125.03035,213.82676928862929
1676,99.8270493,23.3411808,19.5864754,125.625839,213.83476928900927
1680,99.8288498,23.3361626,19.4697876,125.47377,213.84276928938925
1686,99.8296738,23.3411808,19.8536625,125.40387,213.85476928995922
1691,99.8288498,23.3361626,19.7091484,125.47377,213.8627692903392
1694,99.8262253,23.3361626,19.4864883,125.695236,213.87076929071918
1699,99.8296738,23.3411808,19.7256374,125.40387,213.87876929109916
1704,99.8340988,23.3361626,19.4141197,125.03035,213.88676929147914
1712,99.8332291,23.3311424,19.5924721,125.103828,213.89483642578125
1719,99.8244934,23.3261242,19.4757957,125.841698,213.90283642616123
1722,99.8296738,23.3411808,19.4027748,125.40387,213.91083642654121
1731,99.8314743,23.3361626,19.4196873,125.251808,213.93083642749116
1735,99.8375549,23.3411808,19.5029774,124.737984,213.93883642787114
1742,99.8305435,23.3462009,19.3468838,125.330391,213.94683642825112
1753,99.8340988,23.3361626,19.7202797,125.03035,213.97083642939106
1756,99.8305435,23.3462009,19.5751247,125.330391,213.97883642977104
1761,99.8322983,23.3411808,19.9705486,125.182411,213.99083643034101
1767,99.8305435,23.3462009,19.7142868,125.330391,213.99881201190874
1772,99.8340302,23.3512192,19.5582047,125.035965,214.00681201228872
1777,99.8340988,23.3361626,19.7314129,125.03035,214.0148120126687
1781,99.8322983,23.3411808,19.536377,125.182411,214.02281201304868
1784,99.833168,23.3462009,19.7755184,125.108932,214.03081201342866
1791,99.8262253,23.3361626,19.7982082,125.695236,214.04681201418862
1797,99.8375549,23.3411808,19.6477089,124.737984,214.05881201475859
1801,99.8322983,23.3411808,19.6310081,125.182411,214.06681201513857
1810,99.8357925,23.3462009,19.4860554,124.886971,214.08281201589853
1813,99.8287811,23.3512192,19.3188267,125.479385,214.09081201627851
1821,99.8357925,23.3462009,19.5361576,124.886971,214.09878759784624
1828,99.8296738,23.3411808,19.5697765,125.40387,214.10676684579812
1833,99.833168,23.3462009,19.7142868,125.108932,214.1147668461781
1842,99.8296738,23.3411808,19.3582382,125.40387,214.13476684712805
1849,99.833168,23.3462009,19.4971905,125.108932,214.14276684750803
1852,99.8296738,23.3411808,19.7089386,125.40387,214.15076684788801
1857,99.8375549,23.3411808,19.3916397,124.737984,214.15876684826799
1861,99.8296738,23.3411808,19.564209,125.40387,214.16676684864797
1869,99.8287811,23.3512192,19.7474689,125.479385,214.18276684940793
1876,99.8252945,23.3462009,19.7643852,125.773827,214.19476318359375
1882,99.833168,23.3462009,19.6252232,125.108932,214.20276318397373
1885,99.8287811,23.3512192,19.4301662,125.479385,214.21076318435371
1890,99.827919,23.3462009,19.4860554,125.552361,214.21876318473369
1894,99.8314056,23.3512192,19.7975674,125.257927,214.22676318511367
1899,99.8348618,23.3562393,19.4689236,124.965553,214.23476318549365
1904,99.8296738,23.3411808,19.7590351,125.40387,214.24276318587363
1907,99.833168,23.3462009,19.5528564,125.108932,214.25076318625361
1915,99.8287811,23.3512192,19.7419033,125.479385,214.26276318682358
1918,99.8340302,23.3512192,19.3744965,125.035965,214.27076318720356
1923,99.8252945,23.3462009,19.3134804,125.773827,214.27876318758354
1928,99.8349304,23.3411808,19.5864754,124.959946,214.28676318796352
1936,99.8305435,23.3462009,19.3858528,125.330391,214.29483032226563
1943,99.833168,23.3462009,19.9091072,125.108932,214.3028303226456
1946,99.8296738,23.3411808,19.6031761,125.40387,214.31083032302558
1950,99.8314056,23.3512192,19.3243942,125.257927,214.31883032340556
1960,99.8261566,23.3512192,19.5248032,125.70137,214.33883032435551
1966,99.827919,23.3462009,19.4415207,125.552361,214.34683032473549
1971,99.8305435,23.3462009,19.6474895,125.330391,214.35483032511547
1976,99.8384171,23.3462009,19.6641903,124.665527,214.36283032549545
1979,99.8330994,23.3612576,19.4687042,125.114548,214.37083032587543
1983,99.8366547,23.3512192,19.4134655,124.814011,214.37883032625541
1988,99.8357239,23.3612576,19.7025108,124.893097,214.38683032663539
1995,99.8314056,23.3512192,19.4023323,125.257927,214.39880590839311
2004,99.827919,23.3462009,19.5918236,125.552361,214.41480590915307
2009,99.8287811,23.3512192,19.5916042,125.479385,214.42280590953305
2012,99.8314056,23.3512192,19.5359383,125.257927,214.43080590991303
2017,99.8348618,23.3562393,19.5746937,124.965553,214.43880591029301
2022,99.8305435,23.3462009,19.5361576,125.330391,214.44680591067299
2026,99.8296738,23.3411808,19.4027748,125.40387,214.45480591105297
2032,99.8349304,23.3411808,19.4640102,124.959946,214.46680591162294
2036,99.8296738,23.3411808,19.5475101,125.40387,214.47480591200292
2043,99.8374863,23.3562393,19.5746937,124.74411,214.49080591276288
2057,99.8305435,23.3462009,19.5862579,125.330391,214.50676782231312
2062,99.8366547,23.3512192,19.6695385,124.814011,214.5147678226931
2067,99.8314056,23.3512192,19.5303707,125.257927,214.52276782307308
2073,99.8252945,23.3462009,19.6697559,125.773827,214.53476782364305
2078,99.827919,23.3462009,19.4136868,125.552361,214.54276782402303
2083,99.833168,23.3462009,19.4749222,125.108932,214.55076782440301
2088,99.8314056,23.3512192,19.5303707,125.257927,214.55876782478299
2093,99.8366547,23.3512192,19.5637722,124.814011,214.56676782516297
2098,99.8322372,23.3562393,19.3909855,125.187515,214.57476782554295
2103,99.8296127,23.3562393,19.424387,125.408974,214.58276782592293
2106,99.8330994,23.3612576,19.4353008,125.114548,214.59076782630291
2117,99.8322372,23.3562393,19.7194271,125.187515,214.61084863357246
2121,99.8269882,23.3562393,19.6414948,125.630943,214.61884863395244
2125,99.8340302,23.3512192,19.3633633,125.035965,214.62684863433242
2130,99.8314056,23.3512192,19.6138725,125.257927,214.6348486347124
2134,99.8340302,23.3512192,19.3744965,125.035965,214.64284863509238
2137,99.8322983,23.3411808,19.413908,125.182411,214.65084863547236
2142,99.8383484,23.3612576,19.7414761,124.67115,214.65884863585234
2147,99.8314056,23.3512192,19.6584053,125.257927,214.67084863642231
2152,99.8287811,23.3512192,19.2854233,125.479385,214.67884863680229
2157,99.8269882,23.3562393,19.5078926,125.630943,214.68684863718227
2165,99.8305435,23.3462009,19.463789,125.330391,214.69482421875
2172,99.8287811,23.3512192,19.51367,125.479385,214.70282421912998
2175,99.8322372,23.3562393,19.5023251,125.187515,214.71082421950996
2180,99.827919,23.3462009,19.7476864,125.552361,214.71882421988994
2184,99.8252945,23.3462009,19.5862579,125.773827,214.72682422026992
2190,99.8287811,23.3512192,19.5470715,125.479385,214.73882422083989
2201,99.8340302,23.3512192,19.4357338,125.035965,214.75482422159985
2205,99.8374863,23.3562393,19.1738625,124.74411,214.76282422197983
2208,99.827919,23.3462009,19.3134804,125.552361,214.77082422235981
2216,99.8252945,23.3462009,19.5695572,125.773827,214.78682422311977
2222,99.8296127,23.3562393,19.2295361,125.408974,214.7947998046875
2229,99.827919,23.3462009,19.7866497,125.552361,214.80679980525747
2234,99.8340302,23.3512192,19.2687225,125.035965,214.81479980563745
2239,99.8252945,23.3462009,19.6419239,125.773827,214.82279980601743
2242,99.8287811,23.3512192,19.2742882,125.479385,214.83079980639741
2254,99.8235321,23.3512192,19.4580021,125.922836,214.85479980753735
2259,99.8296127,23.3562393,19.424387,125.408974,214.86279980791733
2265,99.8340302,23.3512192,19.2074814,125.035965,214.8747998084873
2270,99.8305435,23.3462009,19.5973911,125.330391,214.88279980886728
2273,99.8314056,23.3512192,19.4246006,125.257927,214.89079980924726
2281,99.8287811,23.3512192,19.803133,125.479385,214.89877539081499
2288,99.8305435,23.3462009,19.3691521,125.330391,214.9067617187975
2293,99.827919,23.3462009,19.463789,125.552361,214.91476171917748
2298,99.8305435,23.3462009,19.3413162,125.330391,214.92276171955746
2301,99.8314056,23.3512192,19.5860386,125.257927,214.93076171993744
2308,99.8270493,23.3411808,19.508543,125.625839,214.94276172050741
2313,99.8322372,23.3562393,19.5635605,125.187515,214.95076172088739
2318,99.8296127,23.3562393,19.530159,125.408974,214.95876172126736
2322,99.8349304,23.3411808,19.3805065,124.959946,214.96676172164734
2327,99.833168,23.3462009,19.4248219,125.108932,214.97476172202732
2332,99.8270493,23.3411808,19.4250412,125.625839,214.9827617224073
2335,99.8322983,23.3411808,19.4473095,125.182411,214.99076172278728
2341,99.827919,23.3462009,19.4025536,125.552361,214.99884252948686
2347,99.8305435,23.3462009,19.7142868,125.330391,215.01084253005683
2352,99.8340302,23.3512192,19.4134655,125.035965,215.01884253043681
2357,99.8314056,23.3512192,19.1017017,125.257927,215.02684253081679
2362,99.8349304,23.3411808,19.4640102,124.959946,215.03484253119677
2367,99.8270493,23.3411808,19.5308094,125.625839,215.04284253157675
2370,99.8340988,23.3361626,19.2972164,125.03035,215.05084253195673
2375,99.8305435,23.3462009,19.4971905,125.330391,215.05884253233671
2380,99.8252945,23.3462009,19.4248219,125.773827,215.06684253271669
2385,99.8322983,23.3411808,19.5308094,125.182411,215.07884253328666
2390,99.8270493,23.3411808,19.4083405,125.625839,215.08684253366664
2397,99.8288498,23.3361626,19.436388,125.47377,215.09481811523438
2404,99.8314743,23.3361626,19.6701832,125.251808,215.10281811561435
2410,99.8296738,23.3411808,19.1411209,125.40387,215.11881811637431
2414,99.8340988,23.3361626,19.3807201,125.03035,215.12681811675429
2419,99.8314743,23.3361626,19.492054,125.251808,215.13481811713427
2431,99.8296738,23.3411808,19.2691669,125.40387,215.15481811808422
2435,99.8288498,23.3361626,19.5532875,125.47377,215.1628181184642
2438,99.8297424,23.3261242,19.4813614,125.398254,215.17081811884418
2443,99.8306046,23.3311424,19.4087753,125.325287,215.17881811922416
2448,99.8288498,23.3361626,19.2025757,125.47377,215.18681811960414
2453,99.82798,23.3311424,19.4533081,125.547256,215.19479370117188
2458,99.8323669,23.3261242,19.241991,125.176285,215.20279370155185
2464,99.8253555,23.3311424,19.3475399,125.76873,215.21479370212182
2469,99.8288498,23.3361626,19.6200848,125.47377,215.2227937025018
2472,99.8314743,23.3361626,19.3807201,125.251808,215.23079370288178
2477,99.8306046,23.3311424,19.319706,125.325287,215.23879370326176
2482,99.8375549,23.3411808,19.1132851,124.737984,215.24679370364174
2487,99.82798,23.3311424,19.6258698,125.547256,215.25479370402172
2491,99.8253555,23.3311424,19.3085728,125.76873,215.2627937044017
2494,99.8244934,23.3261242,19.1863213,125.841698,215.27079370478168
2501,99.82798,23.3311424,19.6481361,125.547256,215.28279370535165
2504,99.8288498,23.3361626,19.2972164,125.47377,215.29079370573163
2512,99.8306046,23.3311424,19.692667,125.325287,215.29876928729936
2519,99.8288498,23.3361626,19.3139172,125.47377,215.30675561528187
2524,99.8332291,23.3311424,19.1972313,125.103828,215.31475561566185
2529,99.8306046,23.3311424,19.386507,125.325287,215.32275561604183
2532,99.8323669,23.3261242,19.4980621,125.176285,215.33075561642181
2537,99.82798,23.3311424,19.4644413,125.547256,215.33875561680179
2545,99.8314743,23.3361626,19.3417511,125.251808,215.35075561737176
2550,99.8306046,23.3311424,19.4978409,125.325287,215.35875561775174
2555,99.8323669,23.3261242,19.4980621,125.176285,215.36675561813172
2560,99.8340988,23.3361626,19.4419537,125.03035,215.3747556185117
2563,99.8314743,23.3361626,19.6089535,125.251808,215.38275561889168
2566,99.82798,23.3311424,19.536808,125.547256,215.39075561927166
2572,99.8314743,23.3361626,19.4475212,125.251808,215.39883642597124
2578,99.8306046,23.3311424,19.2807369,125.325287,215.40683642635122
2583,99.8297424,23.3261242,19.4924946,125.398254,215.41883642692119
2588,99.82798,23.3311424,19.4366074,125.547256,215.42683642730117
2597,99.8314743,23.3361626,19.3361835,125.251808,215.44283642806113
2600,99.82798,23.3311424,19.3698063,125.547256,215.45083642844111
2605,99.8236618,23.321104,19.6151657,125.912117,215.45883642882109
2609,99.82798,23.3311424,19.4477425,125.547256,215.46683642920107
2614,99.8306046,23.3311424,19.2863045,125.325287,215.47483642958105
2627,99.8322983,23.3411808,19.6310081,125.182411,215.49481201171875
2633,99.8314743,23.3361626,19.1524715,125.251808,215.50281201209873
2636,99.82798,23.3311424,19.414341,125.547256,215.51081201247871
2641,99.8322983,23.3411808,19.4083405,125.182411,215.51881201285869
2646,99.8296738,23.3411808,19.3916397,125.40387,215.52681201323867
2655,99.8270493,23.3411808,19.2635994,125.625839,215.54281201399863
2662,99.8305435,23.3462009,19.6085243,125.330391,215.5548120145686
2667,99.8252945,23.3462009,19.252243,125.773827,215.56281201494858
2670,99.8305435,23.3462009,19.5472908,125.330391,215.57081201532856
2679,99.827919,23.3462009,19.3246155,125.552361,215.58681201608852
2685,99.8314056,23.3512192,19.1796455,125.257927,215.59478759765625
2691,99.8287811,23.3512192,19.4246006,125.479385,215.60278759803623
2694,99.8270493,23.3411808,19.5920429,125.625839,215.61078759841621
2702,99.8314056,23.3512192,19.0682964,125.257927,215.62278759898618
2705,99.8296738,23.3411808,19.2970028,125.40387,215.63078759936616
2710,99.8305435,23.3462009,19.2912121,125.330391,215.63878759974614
2719,99.8270493,23.3411808,19.413908,125.625839,215.6547876005061
2723,99.8314056,23.3512192,19.4301662,125.257927,215.66278760088608
2729,99.8374863,23.3562393,19.3742847,124.74411,215.67878760164604
2734,99.8287811,23.3512192,19.3689308,125.479385,215.69078760221601
2742,99.8340302,23.3512192,19.5470715,125.035965,215.69876318378374
2749,99.8296127,23.3562393,19.7583923,125.408974,215.70675659179688
2753,99.8322372,23.3562393,19.3241806,125.187515,215.71475659217685
2756,99.8340302,23.3512192,19.5025368,125.035965,215.72275659255683
2759,99.8296127,23.3562393,19.3241806,125.408974,215.73075659293681
2764,99.8322372,23.3562393,19.4076862,125.187515,215.73875659331679
2771,99.8314056,23.3512192,19.3243942,125.257927,215.74675659369677
2776,99.8305435,23.3462009,19.3524513,125.330391,215.75875659426674
2781,99.8269882,23.3562393,19.2351036,125.630943,215.76675659464672
2786,99.8243637,23.3562393,19.4076862,125.852921,215.7747565950267
2791,99.8330994,23.3612576,19.485405,125.114548,215.78275659540668
2794,99.8296127,23.3562393,19.1627274,125.408974,215.79075659578666
2800,99.8314056,23.3512192,19.3911991,125.257927,215.79883032245561
2806,99.8304749,23.3612576,19.3740635,125.336517,215.80683032283559
2811,99.8322372,23.3562393,19.2406712,125.187515,215.81483032321557
2817,99.8296127,23.3562393,19.3742847,125.408974,215.82683032378554
2822,99.8269882,23.3562393,19.4522228,125.630943,215.83483032416552
2829,99.8278503,23.3612576,19.4575691,125.557976,215.85083032492548
2839,99.8252258,23.3612576,19.3406601,125.779953,215.86683032568544
2844,99.8296127,23.3562393,19.2907772,125.408974,215.87483032606542
2849,99.8295746,23.3712959,19.607439,125.412537,215.8828303264454
2858,99.831337,23.3662777,19.2457924,125.26355,215.89480590820313
2864,99.8339615,23.3662777,19.5185871,125.041573,215.9028059085831
2875,99.8321991,23.3712959,18.9950237,125.190575,215.92680590972304
2879,99.826088,23.3662777,19.2346573,125.706978,215.93480591010302
2884,99.8278503,23.3612576,19.4241676,125.557976,215.942805910483
2889,99.8339615,23.3662777,19.4517822,125.041573,215.95080591086298
2899,99.8226013,23.3612576,19.6691093,126.001419,215.97080591181293
2904,99.8339615,23.3662777,19.5408535,125.041573,215.97880591219291
2909,99.8243256,23.3712959,19.6686745,125.855988,215.98680591257289
2915,99.8348236,23.3712959,19.3847542,124.969124,215.99478149414063
2921,99.826088,23.3662777,19.3070335,125.706978,216.0027814945206
2924,99.8321991,23.3712959,19.4682636,125.190575,216.01078149490058
2928,99.8269501,23.3712959,19.3402157,125.63401,216.01878149528056
2934,99.8243256,23.3712959,19.4905319,125.855988,216.03078149585053
2939,99.8312683,23.3813343,19.3676186,125.269157,216.03878149623051
2944,99.8304062,23.3763161,19.2008152,125.342125,216.04678149661049
2953,99.8251572,23.3763161,19.4569168,125.785561,216.06278149737045
2956,99.8295746,23.3712959,19.4014568,125.412537,216.07078149775043
2961,99.8365173,23.3813343,19.4399948,124.825745,216.07878149813041
2965,99.8286438,23.3813343,19.3230782,125.491127,216.08678149851039
2974,99.8277817,23.3763161,19.4402142,125.564095,216.09884863300249
2984,99.8286438,23.3813343,19.2339973,125.491127,216.11484863376245
2987,99.8243256,23.3712959,19.5629025,125.855988,216.12284863414243
2990,99.8277817,23.3763161,19.4569168,125.564095,216.13084863452241
2995,99.8312683,23.3813343,19.4455624,125.269157,216.13884863490239
3002,99.8321991,23.3712959,19.5406342,125.190575,216.14684863528237
3007,99.8286438,23.3813343,19.3676186,125.491127,216.15484863566235
3013,99.8251572,23.3763161,19.6294956,125.785561,216.16684863623232
3018,99.8277817,23.3763161,19.4958878,125.564095,216.1748486366123
3023,99.8391418,23.3813343,19.6181431,124.604309,216.18284863699228
3026,99.8233948,23.3813343,19.4288597,125.93457,216.19084863737226
3031,99.8286438,23.3813343,19.2674026,125.491127,216.19882421893999
3037,99.8260193,23.3813343,19.1449146,125.712593,216.20682421931997
3042,99.8286438,23.3813343,19.6292782,125.491127,216.21482421969995
3046,99.8277817,23.3763161,19.4958878,125.564095,216.22282422007993
3052,99.8295059,23.3863544,19.4676094,125.418159,216.2348242206499
3057,99.8268814,23.3863544,19.1613941,125.640129,216.24282422102988
3060,99.8304062,23.3763161,19.1451378,125.342125,216.25082422140986
3067,99.8295059,23.3863544,19.5845222,125.418159,216.26682422216982
3072,99.8286438,23.3813343,19.4566956,125.491127,216.2748242225498
3077,99.8295059,23.3863544,19.4008007,125.418159,216.28282422292978
3080,99.8251572,23.3763161,19.4402142,125.785561,216.29082422330976
3093,99.8286438,23.3813343,19.1671848,125.491127,216.30279980506748
3096,99.8268814,23.3863544,19.4063683,125.640129,216.31079980544746
3101,99.8251572,23.3763161,19.4457817,125.785561,216.31879980582744
3105,99.8304062,23.3763161,19.1284351,125.342125,216.32679980620742
3110,99.8277817,23.3763161,19.6350632,125.564095,216.3347998065874
3116,99.8304062,23.3763161,19.1729755,125.342125,216.34279980696738
3119,99.8260193,23.3813343,19.3063755,125.712593,216.35079980734736
3128,99.8304062,23.3763161,19.3455696,125.342125,216.37079980829731
3133,99.8277817,23.3763161,19.4068108,125.564095,216.37879980867729
3137,99.8304062,23.3763161,19.4012432,125.342125,216.38679980905727
3143,99.8330307,23.3763161,19.4847527,125.120163,216.394775390625
3149,99.8295746,23.3712959,19.3624859,125.412537,216.40277539100498
3152,99.8277817,23.3763161,19.2230854,125.564095,216.41077539138496
3157,99.8295746,23.3712959,19.3068123,125.412537,216.41877539176494
3162,99.8286438,23.3813343,19.3898888,125.491127,216.42677539214492
3168,99.8277817,23.3763161,19.3288689,125.564095,216.43877539271489
3172,99.8321304,23.3863544,19.333992,125.196693,216.44677539309487
3177,99.8304062,23.3763161,19.4235134,125.342125,216.45477539347485
3182,99.8251572,23.3763161,19.4958878,125.785561,216.46277539385483
3185,99.8243256,23.3712959,19.4682636,125.855988,216.47077539423481
3188,99.8295746,23.3712959,19.3123798,125.412537,216.47877539461479
3193,99.8251572,23.3763161,19.3678398,125.785561,216.48677539499477
3201,99.8287125,23.3662777,19.4406471,125.485008,216.49484252929688
3209,99.8374481,23.3712959,19.3068123,124.747169,216.50684252986684
3214,99.8304062,23.3763161,19.4457817,125.342125,216.51484253024682
3218,99.8251572,23.3763161,19.4736176,125.785561,216.5228425306268
3221,99.8304062,23.3763161,19.3511372,125.342125,216.53084253100678
3225,99.8251572,23.3763161,19.2397881,125.785561,216.53884253138676
3232,99.8277817,23.3763161,19.1952477,125.564095,216.54684253176674
3241,99.8269501,23.3712959,19.0451336,125.63401,216.5628425325267
3247,99.8330307,23.3763161,19.4903202,125.120163,216.57484253309667
3252,99.8295746,23.3712959,19.4181576,125.412537,216.58284253347665
3260,99.8277817,23.3763161,19.3455696,125.564095,216.59881811542436
3265,99.8304062,23.3763161,19.3344345,125.342125,216.60681811580434
3273,99.8286438,23.3813343,19.200592,125.491127,216.6228181165643
3276,99.8295059,23.3863544,19.3172894,125.418159,216.63081811694428
3283,99.8277817,23.3763161,19.3567047,125.564095,216.64281811751425
3286,99.8347626,23.3863544,19.333992,124.97422,216.65081811789423
3291,99.8330307,23.3763161,19.3622723,125.120163,216.65881811827421
3296,99.8373871,23.3863544,19.2950191,124.752266,216.66681811865419
3300,99.8321991,23.3712959,19.3123798,125.190575,216.67481811903417
3305,99.8312683,23.3813343,19.3453484,125.269157,216.68281811941415
3308,99.8269501,23.3712959,19.2622719,125.63401,216.69081811979413
3316,99.8243256,23.3712959,19.5907383,125.855988,216.69879370136186
3324,99.8277817,23.3763161,19.2342205,125.564095,216.71079370193183
3333,99.8286438,23.3813343,19.3843212,125.491127,216.72679370269179
3336,99.8330307,23.3763161,19.2843285,125.120163,216.73479370307177
3341,99.8365173,23.3813343,19.2729702,124.825745,216.74279370345175
3346,99.8312683,23.3813343,19.3843212,125.269157,216.75079370383173
3351,99.8286438,23.3813343,19.3564835,125.491127,216.75879370421171
3359,99.8338928,23.3813343,19.451128,125.047707,216.76679370459169
3368,99.8260193,23.3813343,19.6459789,125.712593,216.77879370516166
3373,99.8277817,23.3763161,19.39011,125.564095,216.78679370554164
3379,99.8347626,23.3863544,19.2950191,124.97422,216.79476928710938
3384,99.8330307,23.3763161,19.4012432,125.120163,216.80276928748935
3387,99.8268814,23.3863544,19.5399857,125.640129,216.81076928786933
3392,99.8338928,23.3813343,19.5290699,125.047707,216.81876928824931
3397,99.8304062,23.3763161,19.2342205,125.342125,216.82676928862929
3402,99.8234634,23.3662777,19.262495,125.928963,216.83476928900927
3408,99.8242569,23.3863544,19.333992,125.861603,216.84676928957924
3414,99.8348236,23.3712959,19.4070244,124.969124,216.85476928995922
3419,99.8312683,23.3813343,19.2395649,125.269157,216.8627692903392
3422,99.8277817,23.3763161,19.3845425,125.564095,216.87076929071918
3426,99.8338928,23.3813343,19.3843212,125.047707,216.87876929109916
3430,99.8330307,23.3763161,19.2787609,125.120163,216.88676929147914
3449,99.8277817,23.3763161,19.5014534,125.564095,216.9148364267312
3453,99.8312683,23.3813343,19.2841053,125.269157,216.92283642711118
3460,99.8321304,23.3863544,19.4397736,125.196693,216.93883642787114
3467,99.8312683,23.3813343,19.5012341,125.269157,216.94683642825112
3472,99.8321304,23.3863544,19.200367,125.196693,216.9548364286311
3477,99.8268814,23.3863544,19.5344181,125.640129,216.96283642901108
3480,99.8321304,23.3863544,19.3395596,125.196693,216.97083642939106
3487,99.8277817,23.3763161,19.5292892,125.564095,216.98283642996103
3490,99.8347626,23.3863544,19.2504768,124.97422,216.99083643034101
3496,99.8390808,23.3963928,19.6007938,124.609406,216.99881201190874
3502,99.8295059,23.3863544,19.0723076,125.418159,217.00681201228872
3507,99.8347626,23.3863544,19.1168499,124.97422,217.0148120126687
3512,99.8330307,23.3763161,19.4513493,125.120163,217.02281201304868
3515,99.8321304,23.3863544,19.562254,125.196693,217.03081201342866
3519,99.8347626,23.3863544,19.4620438,124.97422,217.03881201380864
3525,99.8304062,23.3763161,19.3344345,125.342125,217.05081201437861
3529,99.8295059,23.3863544,19.2560444,125.418159,217.05881201475859
3534,99.8382111,23.3913727,19.5175037,124.682877,217.06681201513857
3543,99.8373871,23.3863544,19.283884,124.752266,217.08281201589853
3546,99.8347626,23.3863544,19.2616119,124.97422,217.09081201627851
3553,99.8321304,23.3863544,19.4008007,125.196693,217.09878759784624
3558,99.8347626,23.3863544,19.1279869,124.97422,217.10678759822622
3564,99.832962,23.3913727,19.1389065,125.126282,217.11878759879619
3568,99.8338928,23.3813343,19.3175106,125.047707,217.12678759917617
3574,99.8373871,23.3863544,19.2616119,124.752266,217.13478759955615
3578,99.8303375,23.3913727,19.4506969,125.34774,217.14278759993613
3583,99.832962,23.3913727,19.1166344,125.126282,217.15078760031611
3588,99.8355865,23.3913727,19.144474,124.90432,217.15878760069609
3593,99.8338928,23.3813343,19.4455624,125.047707,217.16678760107607
3598,99.8268814,23.3863544,19.1335545,125.640129,217.17478760145605
3604,99.8311996,23.3963928,19.4727459,125.275284,217.18678760202602
3610,99.8303375,23.3913727,19.5898781,125.34774,217.19476318359375
3615,99.832962,23.3913727,19.2836685,125.126282,217.20276318397373
3618,99.8321304,23.3863544,19.5010147,125.196693,217.21076318435371
3623,99.8295059,23.3863544,19.4564762,125.418159,217.21876318473369
3628,99.8303375,23.3913727,19.2224236,125.34774,217.22676318511367
3633,99.8295059,23.3863544,19.4286385,125.418159,217.23476318549365
3638,99.8303375,23.3913727,19.3449135,125.34774,217.24276318587363
3644,99.8311996,23.3963928,19.2723122,125.275284,217.2547631864436
3649,99.8250885,23.3913727,19.0999298,125.791687,217.26276318682358
3652,99.8382111,23.3913727,19.4506969,124.682877,217.27076318720356
3657,99.8347626,23.3863544,19.1446896,124.97422,217.27876318758354
3662,99.832962,23.3913727,19.2836685,125.126282,217.28676318796352
3670,99.8338318,23.3963928,19.4449081,125.052803,217.29483032226563
3677,99.8321304,23.3863544,19.2727489,125.196693,217.3028303226456
3680,99.8286438,23.3813343,19.3230782,125.491127,217.31083032302558
3688,99.8260193,23.3813343,19.1337776,125.712593,217.33083032397553
3693,99.8233948,23.3813343,19.2896729,125.93457,217.33883032435551
3700,99.8295059,23.3863544,19.4008007,125.418159,217.34683032473549
3705,99.8286438,23.3813343,19.2451324,125.491127,217.35483032511547
3710,99.8233948,23.3813343,19.2117271,125.93457,217.36283032549545
3713,99.8268814,23.3863544,19.3562622,125.640129,217.37083032587543
3717,99.8295059,23.3863544,19.4509087,125.418159,217.37883032625541
3722,99.8286438,23.3813343,19.1003704,125.491127,217.39083032682538
3733,99.8304062,23.3763161,19.1896801,125.342125,217.40680590877309
3737,99.8286438,23.3813343,19.5290699,125.491127,217.41480590915307
3742,99.8312683,23.3813343,19.5068016,125.269157,217.42280590953305
3745,99.8286438,23.3813343,19.3063755,125.491127,217.43080590991303
3750,99.8365173,23.3813343,19.2952404,124.825745,217.43880591029301
3755,99.8338928,23.3813343,19.3230782,125.047707,217.44680591067299
3761,99.8312683,23.3813343,19.4232922,125.269157,217.45880591124296
3765,99.8373871,23.3863544,19.1502571,124.752266,217.46680591162294
3769,99.8295059,23.3863544,19.5789547,125.418159,217.47480591200292
3774,99.8330307,23.3763161,19.2731934,125.120163,217.4828059123829
3777,99.8321304,23.3863544,19.3618298,125.196693,217.49080591276288
3785,99.8260193,23.3813343,19.3564835,125.712593,217.49878149433061
3792,99.8286438,23.3813343,19.2674026,125.491127,217.50678149471059
3797,99.8338318,23.3963928,19.4170704,125.052803,217.51478149509057
3803,99.8338928,23.3813343,19.3286457,125.047707,217.52678149566054
3808,99.8304062,23.3763161,19.2230854,125.342125,217.53478149604052
3813,99.8286438,23.3813343,19.4733982,125.491127,217.5427814964205
3821,99.8260193,23.3813343,19.4177246,125.712593,217.55878149718046
3830,99.8304062,23.3763161,19.4624844,125.342125,217.57478149794042
3835,99.8373871,23.3863544,19.0834427,124.752266,217.5827814983204
3842,99.8304062,23.3763161,19.2509232,125.342125,217.59475708007813
3848,99.8277817,23.3763161,19.3567047,125.564095,217.6027570804581
3851,99.8321304,23.3863544,19.3117218,125.196693,217.61075708083808
3856,99.8391418,23.3813343,19.362051,124.604309,217.61875708121806
3861,99.8304062,23.3763161,19.3344345,125.342125,217.62675708159804
3865,99.8356552,23.3763161,19.4346485,124.898712,217.63475708197802
3870,99.832962,23.3913727,19.3003731,125.126282,217.642757082358
3873,99.8286438,23.3813343,19.0725327,125.491127,217.65075708273798
3881,99.8338928,23.3813343,19.2562675,125.047707,217.66275708330795
3884,99.8277817,23.3763161,19.3511372,125.564095,217.67075708368793
3889,99.8304062,23.3763161,19.5404243,125.342125,217.67875708406791
3894,99.8286438,23.3813343,19.2785378,125.491127,217.68675708444789
3902,99.8321304,23.3863544,19.3729649,125.196693,217.69482421875
3908,99.8304062,23.3763161,19.2954636,125.342125,217.70282421912998
3911,99.8347626,23.3863544,19.1836643,124.97422,217.71082421950996
3916,99.8330307,23.3763161,19.4068108,125.120163,217.71882421988994
3922,99.8312683,23.3813343,19.044693,125.269157,217.73082422045991
3927,99.8260193,23.3813343,19.4177246,125.712593,217.73882422083989
3937,99.8286438,23.3813343,19.4344273,125.491127,217.75482422159985
3942,99.8304062,23.3763161,19.4680519,125.342125,217.76282422197983
3945,99.8269501,23.3712959,19.1731911,125.63401,217.77082422235981
3950,99.8225327,23.3763161,19.289896,126.007545,217.77882422273979
3954,99.8286438,23.3813343,19.5235023,125.491127,217.78682422311977
3961,99.8321304,23.3863544,19.3841,125.196693,217.79879980487749
3967,99.8295059,23.3863544,19.4119358,125.418159,217.80679980525747
3971,99.8311996,23.3963928,19.1331139,125.275284,217.81479980563745
3976,99.8304062,23.3763161,19.3344345,125.342125,217.82279980601743
3982,99.8277817,23.3763161,19.3065987,125.564095,217.83879980677739
3987,99.8251572,23.3763161,19.2230854,125.785561,217.84679980715737
3993,99.8338928,23.3813343,19.1337776,125.047707,217.85479980753735
3998,99.8277817,23.3763161,18.9836693,125.564095,217.86679980810732
4003,99.8304062,23.3763161,19.0003738,125.342125,217.8747998084873
4008,99.8286438,23.3813343,19.3676186,125.491127,217.88279980886728
4011,99.8312683,23.3813343,19.2896729,125.269157,217.89079980924726
4019,99.8365173,23.3813343,19.2785378,124.825745,217.89877539081499
4026,99.8347626,23.3863544,19.3896675,124.97422,217.90677539119497
4031,99.8365173,23.3813343,19.4678307,124.825745,217.91477539157495
4035,99.8260193,23.3813343,19.1115074,125.712593,217.92277539195493
4041,99.8330307,23.3763161,19.3956757,125.120163,217.9347753925249
4046,99.8304062,23.3763161,19.3177338,125.342125,217.94277539290488
4051,99.8277817,23.3763161,19.3177338,125.564095,217.95077539328486
4055,99.8338928,23.3813343,19.3397808,125.047707,217.95877539366484
4060,99.8260193,23.3813343,19.5068016,125.712593,217.96677539404482
4063,99.8269501,23.3712959,19.5573368,125.63401,217.9747753944248
4068,99.8312683,23.3813343,19.3954544,125.269157,217.98277539480478
4071,99.8304062,23.3763161,19.228653,125.342125,217.99077539518476
4081,99.8286438,23.3813343,19.1449146,125.491127,218.00275097694248
4084,99.8251572,23.3763161,19.3789749,125.785561,218.01075097732246
4089,99.8312683,23.3813343,19.3509159,125.269157,218.01875097770244
4098,99.8321991,23.3712959,19.3402157,125.190575,218.0347509784624
4103,99.8304062,23.3763161,19.3455696,125.342125,218.04275097884238
4106,99.8277817,23.3763161,19.2620583,125.564095,218.05075097922236
4115,99.8269501,23.3712959,19.5963039,125.63401,218.07075098017231
4120,99.8304062,23.3763161,19.5014534,125.342125,218.07875098055229
4124,99.8277817,23.3763161,19.4235134,125.564095,218.08675098093227
4132,99.8286438,23.3813343,19.3453484,125.491127,218.09481811523438
4138,99.8304062,23.3763161,19.3288689,125.342125,218.10281811561435
4141,99.8251572,23.3763161,19.3344345,125.785561,218.11081811599433
4146,99.8269501,23.3712959,19.41259,125.63401,218.11881811637431
4151,99.8233948,23.3813343,19.2674026,125.93457,218.12681811675429
4157,99.8295746,23.3712959,19.41259,125.412537,218.13881811732426
4168,99.8304062,23.3763161,19.2954636,125.342125,218.15481811808422
4174,99.8286438,23.3813343,19.2674026,125.491127,218.17081811884418
4179,99.8295746,23.3712959,19.3791866,125.412537,218.17881811922416
4184,99.8330307,23.3763161,19.3121662,125.120163,218.18681811960414
4190,99.8295746,23.3712959,19.4014568,125.412537,218.19479370117188
4197,99.8373871,23.3863544,19.523283,124.752266,218.20679370174184
4202,99.8277817,23.3763161,19.4179459,125.564095,218.21479370212182
4209,99.8321304,23.3863544,19.3729649,125.196693,218.23079370288178
4217,99.8287125,23.3662777,19.3961105,125.485008,218.24679370364174
4221,99.8338928,23.3813343,19.2729702,125.047707,218.25479370402172
4225,99.8277817,23.3763161,19.178545,125.564095,218.2627937044017
4235,99.8330307,23.3763161,19.2397881,125.120163,218.28279370535165
4238,99.8304062,23.3763161,19.0671883,125.342125,218.29079370573163
4251,99.8356552,23.3763161,19.5181561,124.898712,218.30673437518999
4256,99.8233948,23.3813343,19.1950245,125.93457,218.31473437556997
4261,99.8295746,23.3712959,19.1898937,125.412537,218.32273437594995
4270,99.8338928,23.3813343,19.3286457,125.047707,218.3427343768999
4275,99.8277817,23.3763161,19.4123783,125.564095,218.35073437727988
4280,99.8312683,23.3813343,19.3787537,125.269157,218.35873437765986
4285,99.8304062,23.3763161,19.5014534,125.342125,218.36673437803984
4289,99.8277817,23.3763161,19.3789749,125.564095,218.37473437841982
4293,99.8321991,23.3712959,19.4014568,125.190575,218.3827343787998
4296,99.8287125,23.3662777,19.351572,125.485008,218.39073437917978
4302,99.8312683,23.3813343,19.3453484,125.269157,218.39874487323686
4308,99.8304062,23.3763161,19.3845425,125.342125,218.41074487380683
4313,99.8330307,23.3763161,19.4235134,125.120163,218.41874487418681
4318,99.8304062,23.3763161,19.2453556,125.342125,218.42674487456679
4323,99.8330307,23.3763161,19.4346485,125.120163,218.43474487494677
4327,99.8356552,23.3763161,19.2843285,124.898712,218.44274487532675
4330,99.8330307,23.3763161,19.1284351,125.120163,218.45074487570673
4335,99.8277817,23.3763161,19.2230854,125.564095,218.45874487608671
4339,99.8321991,23.3712959,19.3068123,125.190575,218.46674487646669
4345,99.8338928,23.3813343,19.3230782,125.047707,218.47874487703666
4350,99.8295746,23.3712959,19.2956772,125.412537,218.48674487741664
4358,99.8330307,23.3763161,19.3511372,125.120163,218.49481201171875
4364,99.8286438,23.3813343,19.7127819,125.491127,218.50281201209873
4367,99.8304062,23.3763161,19.289896,125.342125,218.51081201247871
4372,99.8330307,23.3763161,19.4179459,125.120163,218.51881201285869
4377,99.8312683,23.3813343,19.0725327,125.269157,218.52681201323867
4381,99.826088,23.3662777,19.2457924,125.706978,218.53481201361865
4389,99.8295746,23.3712959,19.4682636,125.412537,218.54681201418862
4394,99.8348236,23.3712959,19.1286507,124.969124,218.5548120145686
4398,99.8295746,23.3712959,19.3847542,125.412537,218.56281201494858
4401,99.8277817,23.3763161,18.9613972,125.564095,218.57081201532856
4405,99.8321991,23.3712959,19.4793968,125.190575,218.57881201570854
4410,99.8374481,23.3712959,19.4237251,124.747169,218.58681201608852
4416,99.8321991,23.3712959,19.0674057,125.190575,218.59478759765625
4422,99.8356552,23.3763161,19.1729755,124.898712,218.60278759803623
4428,99.8277817,23.3763161,19.4235134,125.564095,218.6147875986062
4433,99.8348236,23.3712959,19.373621,124.969124,218.62278759898618
4436,99.8374481,23.3712959,19.702076,124.747169,218.63078759936616
4441,99.8304062,23.3763161,19.4903202,125.342125,218.63878759974614
4446,99.8330307,23.3763161,19.429081,125.120163,218.64678760012612
4451,99.8400726,23.3712959,19.2567043,124.525215,218.6547876005061
4456,99.8330307,23.3763161,19.3177338,125.120163,218.66278760088608
4459,99.8295746,23.3712959,19.3402157,125.412537,218.67078760126606
4467,99.8330307,23.3763161,19.1284351,125.120163,218.68278760183603
4470,99.8321991,23.3712959,19.3847542,125.190575,218.69078760221601
4479,99.8287125,23.3662777,19.4072456,125.485008,218.69876318378374
4485,99.8321991,23.3712959,19.529501,125.190575,218.70676318416372
4490,99.8287125,23.3662777,19.3571396,125.485008,218.7147631845437
4495,99.831337,23.3662777,19.5185871,125.26355,218.72276318492368
4498,99.8287125,23.3662777,19.3348713,125.485008,218.73076318530366
4502,99.8278503,23.3612576,19.3350925,125.557976,218.73876318568364
4510,99.831337,23.3662777,19.3460045,125.26355,218.75076318625361
4514,99.8304749,23.3612576,19.407465,125.336517,218.75876318663359
4519,99.826088,23.3662777,19.1901188,125.706978,218.76676318701357
4524,99.8287125,23.3662777,19.0787659,125.485008,218.77476318739355
4529,99.8321991,23.3712959,19.3402157,125.190575,218.78276318777353
4532,99.8338928,23.3813343,19.3397808,125.047707,218.79076318815351
4538,99.831337,23.3662777,19.0676308,125.26355,218.79873876972124
4544,99.8287125,23.3662777,19.4016781,125.485008,218.80673877010122
4550,99.8243256,23.3712959,19.2010288,125.855988,218.81873877067119
4555,99.831337,23.3662777,19.5018864,125.26355,218.82673877105117
4559,99.8339615,23.3662777,19.5408535,125.041573,218.83473877143115
4564,99.826088,23.3662777,19.4629154,125.706978,218.84273877181113
4567,99.8304749,23.3612576,19.2961216,125.336517,218.85073877219111
