_ID_,hdwStatus,insStatus,lla[0],lla[1],lla[2],ned[0],ned[1],ned[2],theta[0],theta[1],theta[2],timeOfWeek,uvw[0],uvw[1],uvw[2],week
5,65627,419632503,59.352896709893749,18.073043070727444,25.203638307750225,2144303.5,11034118,1393.39429,0.170472175,0.00580286048,-1.69183767,136247.50814656724,-0.00769986957,-0.000765169039,0.0140690226,2040
25,65627,419632503,59.352896710700257,18.073043071385776,25.203557757660747,2144303.5,11034118,1393.39441,0.167624339,0.00544474274,-1.69206619,136247.55814656962,-0.00905767269,0.00315757701,0.00350694219,2040
39,65627,419632503,59.352896710820005,18.073043071475229,25.20232457946986,2144303.5,11034118,1393.39563,0.166393578,0.00574584352,-1.69253361,136247.60821370591,-0.00436953548,-0.003942993,0.000735142385,2040
53,65627,419632503,59.352896710400081,18.073043071275666,25.202494859695435,2144303.5,11034118,1393.39539,0.166715786,0.00627884781,-1.69325721,136247.65815853103,-0.0050177793,-0.00640598824,-0.00418505538,2040
66,65627,419632503,59.352896710501014,18.073043071507666,25.205461807549,2144303.5,11034118,1393.39246,0.1670762,0.00679746876,-1.6937362,136247.70818929185,-0.00417353492,-0.00510245096,-0.016953785,2040
80,65627,419632503,59.352896710603481,18.073043071260216,25.205519255250692,2144303.5,11034118,1393.39246,0.168705285,0.00769917667,-1.69413733,136247.75818929423,-0.000286246184,-0.00327504869,-0.01085841,2040
93,65619,419632503,59.352896710685691,18.073043071072465,25.206901188008487,2144303.5,11034118,1393.39099,0.168514743,0.00847740564,-1.69413793,136247.80816487779,-0.00268528843,-0.00211829087,-0.0146352658,2040
107,65627,419632503,59.35289671112433,18.073043071037482,25.207836638204753,2144303.5,11034118,1393.39014,0.168368056,0.00936383754,-1.69361889,136247.858130943,0.000124675134,0.00570130814,-0.0133492984,2040
120,65627,419632503,59.352896711204821,18.07304307116976,25.210455344058573,2144303.5,11034118,1393.38745,0.167033732,0.00976431556,-1.69280291,136247.90814046373,-0.000752705615,0.00842520688,-0.00243714219,2040
134,65627,419632503,59.352896711544517,18.073043071120708,25.210062785074115,2144303.5,11034118,1393.38794,0.167053699,0.00973090157,-1.69156706,136247.9581404661,-0.00145599339,0.0072648488,0.00128914567,2040
147,65627,419632503,59.352896711556426,18.073043071393737,25.210018079727888,2144303.5,11034118,1393.38794,0.165873602,0.00906072836,-1.69033742,136248.00817708482,-0.00399898272,0.00947185792,0.0107738618,2040
161,65619,419632503,59.352896711736996,18.073043071504426,25.210170321166515,2144303.5,11034118,1393.38782,0.164574578,0.00809167419,-1.68876719,136248.05817708719,-0.00398926344,0.0104829241,0.014817209,2040
174,65619,419632503,59.352896711754617,18.073043071607923,25.213577409274876,2144303.5,11034118,1393.3844,0.162302583,0.00698183337,-1.68717027,136248.10815267076,-0.000463744625,0.0128824096,0.019953195,2040
188,65619,419632503,59.352896711853148,18.073043071147733,25.214401393197477,2144303.5,11034118,1393.38354,0.160875216,0.005781468,-1.68514681,136248.15815267313,0.0038763117,0.0127117736,0.0205819272,2040
201,65619,419632503,59.352896711881655,18.073043070524459,25.21352237649262,2144303.5,11034118,1393.3844,0.159702241,0.00483230827,-1.68283522,136248.20812825669,0.00830078311,0.0159580931,0.0161492936,2040
215,65619,419632503,59.352896711999392,18.073043070023751,25.214373394846916,2144303.5,11034118,1393.38354,0.159950212,0.00375402719,-1.67965865,136248.25809432191,0.0054452531,0.0218371488,0.0112826787,2040
228,65619,419632503,59.352896711647112,18.073043069723923,25.215693180449307,2144303.5,11034118,1393.3822,0.161300912,0.00266917306,-1.67571092,136248.30810384263,-0.00394859537,0.0401120782,0.00190310273,2040
242,65619,419632503,59.352896711702634,18.07304306948652,25.214777046814561,2144303.5,11034118,1393.38318,0.163077071,0.00165511714,-1.67019069,136248.35810384501,-0.0171482004,0.0642498732,-0.00678482652,2040
255,65619,419632503,59.352896712101142,18.073043069620969,25.213490260764956,2144303.5,11034118,1393.3844,0.164400443,0.000840824214,-1.66412687,136248.4081709813,-0.0240007415,0.0810156167,-0.0126807652,2040
269,65619,419632503,59.35289671278742,18.073043069919446,25.212916031479836,2144303.5,11034118,1393.38501,0.164361656,0.000415119459,-1.65697587,136248.45811580642,-0.0270666778,0.0870108977,-0.0128507838,2040
282,65619,419632503,59.352896712090846,18.073043065320554,25.216136816889048,2144303.5,11034118,1393.38184,0.162667513,0.000340208993,-1.65024161,136248.50814656724,-0.0237986296,0.0868057609,-0.0133512877,2040
296,65619,419632503,59.352896713121744,18.073043065907534,25.214858672581613,2144303.5,11034118,1393.38306,0.160092711,0.000384375249,-1.64287388,136248.55814656962,-0.0167221874,0.081921123,-0.0175716728,2040
309,65619,419632503,59.35289671391341,18.073043066376922,25.213214240968227,2144303.5,11034118,1393.38477,0.158552065,0.000621634885,-1.63605118,136248.60812215318,-0.00816739351,0.0827358812,-0.0209590681,2040
323,65619,419632503,59.352896714916618,18.073043066652229,25.212865510955453,2144303.5,11034118,1393.38513,0.158284485,0.000728388841,-1.62835526,136248.65834309949,6.67795539e-05,0.0858218968,-0.0219780989,2040
336,65619,419632503,59.352896713029736,18.073043060583597,25.215050864964724,2144303.5,11034118,1393.38293,0.159367234,0.000995949027,-1.62091565,136248.70809773912,0.0082404986,0.0989058018,-0.0362970158,2040
350,65619,419632503,59.352896714078923,18.073043060364789,25.215426610782743,2144303.5,11034118,1393.38257,0.159320697,0.00158429425,-1.61173046,136248.75809774149,0.0112709403,0.111270435,-0.0456871316,2040
363,65619,419632503,59.352896715197858,18.073043060034141,25.216358766891062,2144303.5,11034118,1393.38159,0.160877451,0.00242786319,-1.60213542,136248.80816487779,0.0119494349,0.124305829,-0.0566561893,2040
377,65619,419632503,59.352896716327464,18.073043059644871,25.216753289103508,2144303.5,11034118,1393.38123,0.162620813,0.00376771437,-1.59043396,136248.85811678294,0.00940790027,0.143735632,-0.0645187199,2040
390,65627,419632503,59.352896758124139,18.073043045533108,25.21874322462827,2144303.75,11034118,1393.37915,0.163551971,0.00558928726,-1.57864809,136248.90814046373,0.00390806049,0.157983303,-0.0677033886,2040
404,65627,419632503,59.352896847039574,18.073043043384178,25.221919789910316,2144303.75,11034118,1393.37598,0.161722943,0.00858784933,-1.56280041,136248.9581404661,-0.00196836889,0.205434337,-0.0927594751,2040
417,65627,419632503,59.352896949155323,18.0730430524595,25.225198649801314,2144303.75,11034118,1393.3728,0.157807991,0.0118572563,-1.54525435,136249.00817708482,-0.00794270635,0.2441618,-0.101220399,2040
431,65627,419632503,59.35289708072267,18.073043070744852,25.229742219671607,2144303.75,11034118,1393.36816,0.154151097,0.0154615371,-1.52311838,136249.05817708719,-0.00978028774,0.294705719,-0.0990875363,2040
444,65619,419632631,59.352897192910646,18.073043017592529,25.234714639373124,2144303.75,11034118,1393.36328,0.154010415,0.0184079651,-1.50169861,136249.10815267076,-6.75320625e-05,0.330159724,-0.0959708691,2040
458,65627,419632631,59.352897357649887,18.073043040987255,25.237747774459422,2144303.75,11034118,1393.36023,0.153811038,0.021260662,-1.47426021,136249.15815267313,0.0116372406,0.355943292,-0.0842676908,2040
471,65619,419632631,59.352897517906655,18.073043056364487,25.239289601333439,2144303.75,11034118,1393.35864,0.152518079,0.0234845951,-1.44729698,136249.20821980943,0.0363745689,0.369319618,-0.0755903572,2040
485,65619,419632631,59.352897696140069,18.073043057850814,25.240996541455388,2144303.75,11034118,1393.35693,0.148283884,0.0254589934,-1.4169066,136249.25815755452,0.0668770969,0.375706911,-0.0612623841,2040
498,65619,419632631,59.352897831544638,18.073042941335665,25.242975746281445,2144303.75,11034118,1393.35498,0.142402127,0.0266158395,-1.39015257,136249.30819539537,0.100998014,0.37163958,-0.0474373251,2040
512,65627,419632631,59.352898013369611,18.073042901237457,25.242519597522914,2144303.75,11034118,1393.35547,0.13572298,0.0276100393,-1.35852098,136249.35819539774,0.13206473,0.367006063,-0.0404082388,2040
525,65627,419632631,59.352898180182414,18.073042853682889,25.242219622246921,2144303.75,11034118,1393.35571,0.129848912,0.0281917304,-1.32879996,136249.4081709813,0.152734965,0.359308124,-0.0353443921,2040
539,65619,419632631,59.352898361234352,18.073042791688589,25.240693416446447,2144303.75,11034118,1393.3573,0.126288846,0.0290686656,-1.29583836,136249.45814412655,0.176335394,0.35143885,-0.0429677367,2040
552,65627,419632631,59.352898476088967,18.073042581747377,25.242929822765291,2144304,11034118,1393.35498,0.125212267,0.0301489942,-1.26724005,136249.50814656724,0.201207429,0.3462075,-0.0569088161,2040
566,65627,428021239,59.352898663121394,18.073042500598131,25.243922292254865,2144304,11034118,1393.354,0.128242612,0.0319511145,-1.23198056,136249.55814656962,0.221975476,0.34904778,-0.0689458102,2040
580,65627,428021239,59.352898843668051,18.073042423355858,25.245364266447723,2144304,11034118,1393.35254,0.134993225,0.0336195417,-1.19793105,136249.60821370591,0.242771417,0.358307838,-0.0772803724,2040
594,65627,428021239,59.352899052747553,18.073042340504823,25.247713604941964,2144304,11034118,1393.35022,0.140866444,0.0355965979,-1.15914702,136249.658151451,0.271402746,0.389582515,-0.101302952,2040
607,65627,428021239,59.352899190196403,18.073042097065319,25.252197158522904,2144304,11034118,1393.3457,0.150234058,0.0372359119,-1.12398553,136249.70818929185,0.29273653,0.409187853,-0.105222911,2040
621,65619,428021239,59.352899435147179,18.073042035782191,25.254427899606526,2144304,11034118,1393.34351,0.163704559,0.0383500792,-1.07929993,136249.75818929423,0.302783489,0.442786753,-0.100767553,2040
634,65627,428021239,59.352899674077342,18.0730420026796,25.257182572036982,2144304,11034118,1393.3407,0.172690377,0.0381773636,-1.03575099,136249.80816487779,0.311843157,0.468517303,-0.0971956551,2040
648,65627,428021239,59.352899946514469,18.0730419997941,25.258309759199619,2144304,11034118,1393.3396,0.177613258,0.036669571,-0.986788034,136249.85813802303,0.313799053,0.493310094,-0.0936030447,2040
661,65627,428021239,59.352900112873293,18.073041767030304,25.261319294571877,2144304,11034118,1393.33667,0.175580248,0.0345858932,-0.945008874,136249.90823201646,0.318065405,0.502333581,-0.100322902,2040
675,65627,428021239,59.352900402033306,18.073041833336568,25.263106067664921,2144304.25,11034118,1393.33484,0.176686406,0.033410266,-0.893507004,136249.95823201883,0.319827437,0.552614629,-0.14060533,2040
688,65627,428021239,59.352900684970152,18.073041958443575,25.264332660473883,2144304.25,11034118,1393.33362,0.19235307,0.0329960547,-0.843549371,136250.00817708482,0.300511062,0.611104548,-0.12837404,2040
702,65627,428021239,59.352901004110812,18.073042189804013,25.265503791160882,2144304.25,11034118,1393.3324,0.202984318,0.0329689197,-0.785603285,136250.05811482991,0.277391315,0.713324368,-0.197984964,2040
715,65627,428021239,59.352901219714781,18.073042085727771,25.272505067288876,2144304.25,11034118,1393.32544,0.204368427,0.0345842093,-0.733385801,136250.10815267076,0.269734263,0.813078165,-0.265892118,2040
729,65627,428021239,59.352901578590881,18.073042561606293,25.281152146868408,2144304.25,11034118,1393.31677,0.202186152,0.0377095044,-0.663935423,136250.15815267313,0.248365521,0.89851439,-0.292862177,2040
742,65627,428021239,59.352901908146279,18.073043111264948,25.286151358857751,2144304.25,11034118,1393.31177,0.205563098,0.0415344983,-0.595445514,136250.20812825669,0.228550255,0.970429182,-0.31146279,2040
756,65627,428021239,59.352902251903643,18.073043828197171,25.293242755346,2144304.25,11034118,1393.30469,0.209185511,0.0467138924,-0.517260194,136250.258115562,0.205233991,1.04751992,-0.340465695,2040
769,65627,428021239,59.352902536443338,18.073043985886621,25.30185420345515,2144304.25,11034118,1393.29614,0.212227464,0.0511783399,-0.452391744,136250.30819539537,0.191677213,1.0858531,-0.337652445,2040
783,65619,428021239,59.352902829517603,18.073044896649826,25.307770039886236,2144304.25,11034118,1393.29016,0.218819872,0.0564029105,-0.368905962,136250.35819539774,0.176020145,1.15284336,-0.334497541,2040
796,65627,428021239,59.352903067815546,18.07304583164256,25.310842785052955,2144304.25,11034118,1393.28711,0.22468859,0.060266424,-0.289582282,136250.4081709813,0.162982106,1.21530843,-0.337221742,2040
810,65627,428021239,59.352903283944187,18.073046956016963,25.312572582624853,2144304.25,11034118,1393.2854,0.227105185,0.0631646961,-0.200969681,136250.45817098368,0.144726336,1.30930007,-0.352255225,2040
823,65627,428021239,59.352903500475861,18.073047546510537,25.314054196700454,2144304.25,11034118,1393.28394,0.226600841,0.0632387102,-0.124636404,136250.50814656724,0.137735784,1.39459121,-0.330634028,2040
837,65627,428021239,59.352903615790765,18.073048888349582,25.313547276891768,2144304.5,11034118,1393.28442,0.226936609,0.0603837669,-0.0299429763,136250.55814656962,0.127970576,1.49954009,-0.278441995,2040
850,65627,428021239,59.352903667836067,18.073050190774516,25.309511870145798,2144304.5,11034118,1393.28845,0.225665838,0.0540117323,0.0583549216,136250.60812215318,0.153677702,1.55174589,-0.208267003,2040
864,65627,428021239,59.352903676751744,18.073051636624733,25.300977653823793,2144304.5,11034118,1393.297,0.222399786,0.0439524241,0.153622106,136250.658151451,0.205070376,1.57970905,-0.16624254,2040
877,65627,428021239,59.35290388619994,18.073052225632786,25.29339197371155,2144304.5,11034118,1393.30457,0.211882949,0.0324741416,0.227765366,136250.70818929185,0.270450592,1.5702709,-0.1259038,2040
891,65627,428021239,59.352903824243128,18.073053673741082,25.283329997211695,2144304.5,11034118,1393.31458,0.204805523,0.0202888399,0.320258081,136250.75818929423,0.324390382,1.56716049,-0.117817566,2040
904,65627,428021239,59.352903731795429,18.073054999774168,25.274311390705407,2144304.5,11034118,1393.32361,0.200724334,0.00999542978,0.404375553,136250.80816487779,0.383069009,1.5373863,-0.133067116,2040
918,65627,428021239,59.352903599847103,18.073056414406032,25.266013565473258,2144304.5,11034118,1393.33191,0.198183432,0.00149718439,0.49399513,136250.85810970291,0.450395644,1.49590147,-0.179251403,2040
931,65627,428021239,59.352904079022949,18.073056696181776,25.265444979071617,2144304.5,11034118,1393.33252,0.191884652,-0.00411658501,0.555041671,136250.90814046373,0.533789456,1.41365981,-0.229832783,2040
945,65627,428021239,59.352903926002341,18.073058051503828,25.264883483760059,2144304.5,11034118,1393.33301,0.188956141,-0.00507630315,0.642216802,136250.9581404661,0.594606519,1.35776913,-0.269550323,2040
958,65627,428021239,59.352903764683916,18.073059269483483,25.267270819284022,2144304.5,11034118,1393.33069,0.188901648,-0.00311530917,0.721460819,136251.00817708482,0.645048678,1.30088663,-0.291868448,2040
972,65627,428021239,59.352903563940274,18.073060561413808,25.270763842388988,2144304.5,11034118,1393.32715,0.18784149,0.000581755303,0.806302249,136251.05820638264,0.689603686,1.27493763,-0.310142517,2040
985,65627,428021239,59.352904253376146,18.073060900368368,25.275416581891477,2144304.5,11034118,1393.32251,0.184367195,0.00304220733,0.862139344,136251.10824422349,0.742939889,1.19711113,-0.279736698,2040
999,65627,428021239,59.352904023219061,18.073062115633459,25.278828794136643,2144304.5,11034118,1393.31909,0.184580773,0.00615859404,0.945803642,136251.15824422587,0.735660195,1.16466379,-0.250090808,2040
1012,65627,428021239,59.352903780147571,18.073063176661783,25.279714775271714,2144304.5,11034118,1393.31824,0.184701025,0.00734250154,1.02225375,136251.20821980943,0.739048064,1.11937118,-0.225588769,2040
1026,65627,428021239,59.352903500829875,18.073064262532316,25.28094517160207,2144304.25,11034118,1393.31702,0.187650278,0.00756943831,1.10342097,136251.25816463455,0.754422963,1.03710485,-0.204061985,2040
1039,65627,428021239,59.352904332161934,18.073064556201679,25.283658913336694,2144304.5,11034118,1393.31433,0.185504898,0.00654833158,1.15747237,136251.30819539537,0.777698755,0.91082561,-0.19149965,2040
1053,65627,428021239,59.352904069040015,18.073065514691486,25.286293661221862,2144304.5,11034118,1393.31165,0.179617569,0.0065274951,1.23491132,136251.35819539774,0.761725068,0.868552208,-0.205101207,2040
1066,65627,428021239,59.352903810862458,18.073066334675161,25.286285938695073,2144304.5,11034118,1393.31165,0.181627646,0.00674725277,1.30498433,136251.4081709813,0.733124137,0.807792664,-0.161025912,2040
1080,65627,428021239,59.352903519679622,18.073067141238813,25.285158702172339,2144304.25,11034120,1393.31274,0.183418885,0.0067805117,1.37972426,136251.45820027913,0.69526124,0.790020227,-0.160029292,2040
1093,65627,428021239,59.35290399689778,18.073067748571326,25.287058051675558,2144304.5,11034120,1393.31091,0.18287313,0.00568132661,1.43819571,136251.50823811998,0.673215151,0.758277655,-0.139158756,2040
1107,65627,428021239,59.352903668222723,18.073068406901147,25.286577560007572,2144304.5,11034120,1393.3114,0.18004638,0.00400322676,1.51463878,136251.55823812235,0.631845057,0.760294914,-0.111234188,2040
1121,65619,428021239,59.352903345529938,18.073068939311131,25.285667028278112,2144304.25,11034120,1393.31226,0.176906452,0.00162694219,1.58635533,136251.60821370591,0.602442026,0.752178252,-0.091853112,2040
1135,65627,428021239,59.352902981052416,18.073069433817832,25.283341842703521,2144304.25,11034120,1393.31458,0.174629509,-0.00162844383,1.66563106,136251.65815853103,0.565665722,0.747654617,-0.0664325655,2040
1148,65627,428021239,59.352903295616933,18.073070118762434,25.281541154719889,2144304.25,11034120,1393.31641,0.169099048,-0.00546559179,1.73222995,136251.70818929185,0.553184628,0.725544989,-0.0611445606,2040
1162,65627,428021239,59.352902911292283,18.073070457143331,25.280100597068667,2144304.25,11034120,1393.31787,0.167686164,-0.00837043766,1.81706178,136251.75818929423,0.511237264,0.733871341,-0.0586688817,2040
1175,65627,428021239,59.352902546124199,18.073070674731898,25.278034788556397,2144304.25,11034120,1393.31995,0.166717246,-0.0101143206,1.89805114,136251.80816487779,0.467881083,0.74792099,-0.0824827552,2040
1189,65627,428021239,59.352902141180202,18.073070796267281,25.277873760089278,2144304.25,11034120,1393.32007,0.165106863,-0.0103473002,1.98872256,136251.85820833567,0.416855156,0.75911206,-0.127714157,2040
1202,65627,428021239,59.352902180608574,18.073071672049632,25.279367450624704,2144304.25,11034120,1393.3186,0.157160088,-0.00933789555,2.06520748,136251.90823201646,0.403644949,0.743865728,-0.182277501,2040
1216,65627,428021239,59.352901786600754,18.073071616727109,25.282633822411299,2144304.25,11034120,1393.31531,0.151359081,-0.005387126,2.15865898,136251.95823201883,0.358448923,0.714490294,-0.234470561,2040
1229,65627,428021239,59.352901447965536,18.07307148698272,25.289308913983405,2144304.25,11034120,1393.30859,0.150386438,-0.000169507417,2.24438286,136252.00817708482,0.313468963,0.683304727,-0.255206585,2040
1243,65627,428021239,59.352901115725999,18.073071253429848,25.297224713489413,2144304.25,11034120,1393.30066,0.156906843,0.0040203752,2.33543777,136252.05813607,0.250383228,0.668768108,-0.234663725,2040
1256,65627,428021239,59.352900861420849,18.073071836451749,25.301521793939173,2144304.25,11034120,1393.29639,0.166754514,0.00484694121,2.41001272,136252.10815267076,0.26099664,0.631964087,-0.193331122,2040
1270,65627,428021239,59.352900579852076,18.073071527845414,25.302241436205804,2144304.25,11034120,1393.29565,0.182502612,0.00400891341,2.49661946,136252.15815267313,0.237561673,0.624895275,-0.124379247,2040
1283,65627,428021239,59.352900337788114,18.073071197545932,25.300080001354218,2144304.25,11034120,1393.29785,0.18646583,0.000323515793,2.57510233,136252.20821980943,0.235942721,0.645560265,-0.0988260061,2040
1297,65627,428021239,59.35290008170778,18.073070784654025,25.293901889584959,2144304,11034120,1393.30408,0.18182832,-0.00435939291,2.66001129,136252.25815755452,0.241354704,0.671477735,-0.0970951617,2040
1310,65627,428021239,59.352899619605751,18.073071214596947,25.288724056445062,2144304,11034120,1393.3092,0.17610535,-0.00947624631,2.73002887,136252.30819539537,0.276296079,0.638480961,-0.075304389,2040
1324,65627,428021239,59.352899390427361,18.073070758208413,25.285984369926155,2144304,11034120,1393.31201,0.172182232,-0.0114062009,2.81445527,136252.35819539774,0.275939047,0.640729189,-0.111886978,2040
1337,65627,428021239,59.352899196544946,18.073070303480232,25.286657703109086,2144304,11034120,1393.31128,0.168649167,-0.009501094,2.89294052,136252.4081709813,0.276665032,0.614343405,-0.14571777,2040
1351,65627,428021239,59.352899018680681,18.073069809941323,25.292261958122253,2144304,11034120,1393.30566,0.167121872,-0.00387137756,2.97659492,136252.45812996649,0.255060852,0.559360266,-0.162329078,2040
1364,65627,428021239,59.352898500476428,18.073070260204858,25.296862493269145,2144304,11034120,1393.30103,0.16531159,0.00167641917,3.04467082,136252.50814656724,0.263641536,0.480592459,-0.165912747,2040
1378,65627,428021239,59.35289837128132,18.073069830682655,25.300680095329881,2144303.75,11034120,1393.29724,0.171887219,0.00948974863,3.12303185,136252.55814656962,0.228606015,0.441381514,-0.151534498,2040
1391,65627,428021239,59.352898286395906,18.073069464472432,25.302492374554276,2144303.75,11034120,1393.29541,0.174919054,0.0158546362,-3.09039736,136252.60821370591,0.177015588,0.397033811,-0.159665808,2040
1405,65627,428021239,59.35289822983232,18.073069067138576,25.30793496966362,2144303.75,11034120,1393.29004,0.177820534,0.0225713085,-3.0168705,136252.658151451,0.143382415,0.392437816,-0.204023048,2040
1418,65627,428021239,59.352897901698142,18.073068832733703,25.317345813848078,2144303.75,11034120,1393.28064,0.185209259,0.0276213996,-2.9537971,136252.70818929185,0.117257878,0.370068848,-0.181465834,2040
1432,65627,428021239,59.352897909403126,18.073068444814883,25.320636594668031,2144303.75,11034120,1393.27734,0.195617944,0.0319588818,-2.88350463,136252.75818929423,0.0397840664,0.436768681,-0.197051793,2040
1445,65627,428021239,59.352897970738468,18.073068021654805,25.324503986164927,2144303.75,11034120,1393.27344,0.204047784,0.0348924994,-2.81652355,136252.80816487779,-0.0226908401,0.539770842,-0.214275613,2040
1459,65627,428021239,59.352898098450716,18.073067519012547,25.325526983477175,2144303.75,11034120,1393.27246,0.203445762,0.0365121998,-2.74049973,136252.85812386297,-0.0987086892,0.633799016,-0.215092704,2040
1472,65627,428021239,59.352897506726002,18.073067087033472,25.328892517834902,2144303.75,11034118,1393.26904,0.202948675,0.0360571034,-2.67285752,136252.90814046373,-0.10926199,0.683759034,-0.200429291,2040
1486,65627,428021239,59.352897730754755,18.073066551346781,25.329087116755545,2144303.75,11034118,1393.2688,0.199207783,0.0365323685,-2.5906167,136252.9581404661,-0.154566616,0.763433814,-0.203154027,2040
1499,65627,428021239,59.352897990919715,18.073066063751135,25.330172105692327,2144303.75,11034118,1393.26782,0.198064446,0.0378094129,-2.51254606,136253.00826863755,-0.207665518,0.812178135,-0.219105959,2040
1513,65627,428021239,59.352898326286088,18.07306559222657,25.330895433202386,2144303.75,11034118,1393.26709,0.198135167,0.0399040058,-2.4274292,136253.05820638264,-0.273525357,0.844863594,-0.223493367,2040
1526,65627,428021239,59.352897519215617,18.073064174272318,25.328113643452525,2144303.75,11034118,1393.26978,0.201448008,0.0403453223,-2.35764289,136253.10824422349,-0.249416113,0.858472049,-0.232221186,2040
1540,65627,428021239,59.352897922112533,18.073063792027927,25.326987679116428,2144303.75,11034118,1393.271,0.207443655,0.0427511185,-2.2716763,136253.15824422587,-0.303243279,0.937621355,-0.240232706,2040
1553,65627,428021239,59.352898352380926,18.073063486202969,25.326276583597064,2144303.75,11034118,1393.27161,0.208979532,0.0434183776,-2.1906786,136253.20821980943,-0.347126544,1.03273058,-0.250746906,2040
1567,65627,428021239,59.35289887708165,18.073063215297619,25.324769013561308,2144304,11034118,1393.27319,0.202558786,0.0420756079,-2.10240054,136253.25818587464,-0.376204908,1.12112319,-0.228926778,2040
1580,65627,428021239,59.352897172633185,18.073059897206935,25.31840777490288,2144303.75,11034118,1393.27954,0.198691845,0.0331659727,-2.04086399,136253.30819539537,-0.248276174,1.08106828,-0.10179615,2040
1594,65627,428021239,59.352897691016857,18.073059661559654,25.309428960084915,2144303.75,11034118,1393.28845,0.193829849,0.0253234897,-1.95414293,136253.35819539774,-0.202707529,1.16227436,-0.104090273,2040
1607,65627,428021239,59.352898195103357,18.073059468340801,25.301944948732853,2144303.75,11034118,1393.29602,0.189354226,0.0171629954,-1.87371194,136253.40826253404,-0.160415351,1.19718421,-0.0770900548,2040
1621,65627,428021239,59.352898758144221,18.07305930108522,25.292277352884412,2144304,11034118,1393.30566,0.182477146,0.00785605982,-1.78632975,136253.45820027913,-0.104762077,1.25605643,-0.0901203752,2040
1634,65627,428021239,59.352897721211832,18.073055614549563,25.288493090309203,2144303.75,11034118,1393.30945,0.173712477,-0.0015274334,-1.71968699,136253.50823811998,0.0387643576,1.23789287,-0.13216722,2040
1648,65627,428021239,59.352898304950301,18.073055459150527,25.282559849321842,2144303.75,11034118,1393.31543,0.168042928,-0.00596777257,-1.62807548,136253.55823812235,0.0436974764,1.26886559,-0.164068878,2040
1662,65627,428021239,59.352898857917303,18.07305540028203,25.279784333892167,2144304,11034118,1393.31812,0.164946824,-0.00708308909,-1.54300559,136253.60821370591,0.0611890554,1.27352738,-0.212545037,2040
1676,65627,428021239,59.35289946054283,18.073055420008568,25.278993130661547,2144304,11034118,1393.31897,0.163059786,-0.00515074888,-1.45130813,136253.65817977113,0.0843039751,1.26567435,-0.243726075,2040
1689,65627,428021239,59.352898282794854,18.073049538301444,25.281531960703433,2144303.75,11034118,1393.31641,0.156838849,-0.0043633976,-1.38849413,136253.70818929185,0.250057101,1.11704946,-0.247741282,2040
1703,65627,428021239,59.352898818813948,18.073049541365357,25.283077008090913,2144304,11034118,1393.31482,0.155138791,0.00160755357,-1.2994498,136253.75818929423,0.259450495,1.07831144,-0.244354665,2040
1716,65627,428021239,59.352899304708444,18.073049616797288,25.285327815450728,2144304,11034118,1393.31262,0.151836917,0.00769561017,-1.21832228,136253.80825643052,0.260767281,1.07397354,-0.252390683,2040
1730,65627,428021239,59.352899820870121,18.073049791440141,25.288187832571566,2144304,11034118,1393.30981,0.154211745,0.013691064,-1.13158655,136253.85819417561,0.236948788,1.06056941,-0.241687536,2040
1743,65627,428021239,59.352899808655017,18.073046559008446,25.294488317333162,2144304,11034118,1393.30347,0.158662483,0.0164150111,-1.06141114,136253.90823201646,0.26804781,0.983689666,-0.233058453,2040
1757,65627,428021239,59.35290026204617,18.073046846059182,25.29571346193552,2144304.25,11034118,1393.30225,0.16898267,0.0190656576,-0.977677166,136253.95823201883,0.217759788,0.949424148,-0.219949424,2040
1770,65619,428021239,59.352900644595742,18.073047184611504,25.295908072032034,2144304.25,11034118,1393.302,0.178966001,0.0187411848,-0.903079331,136254.00817708482,0.185343325,0.909623146,-0.204381317,2040
1784,65627,428021239,59.352901024256852,18.073047604362863,25.29680061340332,2144304.25,11034118,1393.30115,0.184130877,0.0164275225,-0.825396836,136254.05835555095,0.175660193,0.873837054,-0.206162065,2040
1797,65627,428021239,59.352901251453069,18.073043606029113,25.297247151844203,2144304.25,11034118,1393.30066,0.184384823,0.0124027813,-0.764417529,136254.10824422349,0.232223451,0.785947621,-0.204588443,2040
1811,65627,428021239,59.352901577971672,18.073044041237416,25.300127780996263,2144304.25,11034118,1393.29785,0.186935365,0.0105516575,-0.69081074,136254.15824422587,0.176934779,0.812275887,-0.207099855,2040
1824,65627,428021239,59.352901856984715,18.07304454084397,25.301970004104078,2144304.25,11034118,1393.29602,0.18883203,0.00928620435,-0.622505724,136254.20821980943,0.128088474,0.865481377,-0.23284471,2040
1838,65627,428021239,59.352902129308625,18.073045190230779,25.304728613235056,2144304.25,11034118,1393.29321,0.192919493,0.0070681572,-0.546824634,136254.25815755452,0.0617079735,0.916885018,-0.189782768,2040
1851,65627,428021239,59.352902911303822,18.073042572968372,25.305933830328286,2144304.25,11034118,1393.29199,0.192832917,0.00230894471,-0.481809288,136254.30819539537,0.0819355249,0.899147451,-0.179166466,2040
1865,65627,428021239,59.352903122684872,18.073043321872728,25.305166572332382,2144304.25,11034118,1393.29272,0.192308143,-0.00101156568,-0.402616769,136254.35819539774,0.0362757444,0.929599047,-0.166932046,2040
1878,65627,428021239,59.352903277630809,18.073044064868487,25.300284910015762,2144304.25,11034118,1393.29761,0.190092236,-0.00405056588,-0.328931063,136254.4081709813,0.00494122505,0.945389867,-0.157431975,2040
1892,65627,428021239,59.352903402783674,18.073044923690869,25.297439424321055,2144304.25,11034118,1393.30054,0.19105497,-0.00630023004,-0.248092026,136254.45813704652,-0.0296269953,0.985078156,-0.164192662,2040
1905,65627,428021239,59.352904642126703,18.073043414708888,25.29715141095221,2144304.5,11034118,1393.30078,0.192051172,-0.00950479787,-0.179072365,136254.50814656724,-0.0013178885,1.00753593,-0.180444419,2040
1919,65627,428021239,59.352904701375451,18.073044392549157,25.292903430759907,2144304.5,11034118,1393.30505,0.190970361,-0.0106590707,-0.092292808,136254.55814656962,-0.0362696946,1.11499393,-0.220868513,2040
1932,65627,428021239,59.352904707639901,18.073045405808568,25.291162644512951,2144304.5,11034118,1393.30676,0.190666497,-0.0118416473,-0.00823556446,136254.60821370591,-0.0554224551,1.21852553,-0.230070978,2040
1946,65627,428021239,59.352904657799833,18.073046565922358,25.290429473854601,2144304.5,11034118,1393.3075,0.185513154,-0.0134463031,0.0850401819,136254.658151451,-0.0579322577,1.29008496,-0.25056991,2040
1959,65627,428021239,59.352906878679221,18.073046034340678,25.286411853507161,2144304.75,11034118,1393.31152,0.183310911,-0.0184851307,0.157114789,136254.70818929185,0.0588940382,1.3036598,-0.207375661,2040
1973,65627,428021239,59.352906784461474,18.073047258530245,25.282411301508546,2144304.75,11034118,1393.31555,0.17756021,-0.0225755777,0.252561659,136254.75818929423,0.0954825878,1.36065769,-0.208635569,2040
1986,65627,428021239,59.35290665758523,18.073048402778923,25.275677509605885,2144304.75,11034118,1393.32227,0.1740596,-0.0273792055,0.340220898,136254.80816487779,0.128280506,1.36659765,-0.184102491,2040
2000,65627,428021239,59.352906481013996,18.073049619811655,25.271299557760358,2144304.75,11034118,1393.32666,0.170965925,-0.0337154157,0.43401742,136254.85813802303,0.182504594,1.3622216,-0.164259374,2040
2013,65627,428021239,59.352908815913551,18.073049875004934,25.266318861395121,2144305,11034118,1393.33167,0.164592534,-0.041565977,0.50407362,136254.90814046373,0.33134234,1.25074005,-0.164177388,2040
2027,65627,428021239,59.352908653073364,18.073051003894708,25.260944846086204,2144305,11034118,1393.33704,0.157158956,-0.0461779051,0.595069945,136254.9581404661,0.357219279,1.19036818,-0.170416147,2040
2040,65619,428021239,59.352908479773816,18.07305199048368,25.258084983564913,2144305,11034118,1393.33984,0.153104171,-0.0487560518,0.677607417,136255.00817708482,0.383509725,1.13427985,-0.18234174,2040
2054,65627,428021239,59.352908274254595,18.073053001435273,25.256588251329958,2144305,11034118,1393.34131,0.153237179,-0.0485618934,0.765319705,136255.05812898997,0.407314062,1.07248759,-0.223750621,2040
2067,65627,428021223,59.352910248615451,18.07305392521171,25.25444068107754,2144305,11034118,1393.34351,0.156434879,-0.0479065031,0.771142781,136255.10815267076,0.427858412,0.967365801,-0.235088021,2040
2081,65627,428021223,59.352910055838244,18.073054827146361,25.254058421589434,2144305,11034118,1393.34387,0.156862468,-0.0434369743,0.744655848,136255.15815267313,0.309996724,0.981169581,-0.287192762,2040
2094,65627,428021223,59.352909834387134,18.073055640225917,25.253957337699831,2144305,11034118,1393.34399,0.158201396,-0.0375071578,0.749090672,136255.20812825669,0.219634712,1.05476534,-0.296790212,2040
2108,65627,428021223,59.352909529815058,18.073056503953829,25.252416862174869,2144305,11034118,1393.34558,0.163884491,-0.0322372131,0.74529922,136255.25815755452,0.0875610113,1.14040947,-0.270227075,2040
2121,65627,428021239,59.35291146780613,18.07305788876414,25.258359313942492,2144305.25,11034118,1393.3396,0.1673702,-0.0282372311,0.795401931,136255.30819539537,0.142105401,1.10907114,-0.301345229,2040
2135,65627,428021239,59.352911113140756,18.073058697976681,25.262013996951282,2144305.25,11034118,1393.33594,0.162563205,-0.0229921788,0.886884212,136255.35819539774,0.145716459,1.11184323,-0.319999695,2040
2148,65627,428021239,59.352910758506304,18.073059356240574,25.268093856051564,2144305.25,11034118,1393.32983,0.159726456,-0.019701425,0.968721092,136255.4081709813,0.112198859,1.08837771,-0.264957726,2040
2162,65627,428021239,59.352910334376233,18.073059974414296,25.275290687568486,2144305,11034118,1393.32263,0.167073011,-0.0185639206,1.0553652,136255.45810872639,0.0795525312,1.135481,-0.244669706,2040
2175,65627,428021239,59.352911647934071,18.073062712159924,25.278994644992054,2144305.25,11034118,1393.31897,0.173389912,-0.0199110303,1.13642657,136255.50814656724,0.136526704,1.13657057,-0.2129412,2040
2189,65627,428021239,59.352911154886229,18.073063229233359,25.271868545562029,2144305.25,11034118,1393.32605,0.175219715,-0.0232570022,1.22543311,136255.55814656962,0.0925942659,1.20838547,-0.192534715,2040
2203,65627,428021239,59.352910647477515,18.073063608481888,25.267974532209337,2144305.25,11034118,1393.32996,0.171971649,-0.0274254754,1.30982053,136255.60812215318,0.0595206618,1.27809918,-0.169450939,2040
2217,65627,428021239,59.352910049501673,18.073063913499421,25.260890475474298,2144305,11034118,1393.33704,0.164992616,-0.0324976817,1.40329337,136255.658151451,0.0411102176,1.34085703,-0.164223433,2040
2230,65627,428021239,59.352910390321313,18.073065735416211,25.258601215668023,2144305.25,11034118,1393.33936,0.159474418,-0.0370170251,1.49049366,136255.70818929185,0.0686846375,1.35620117,-0.173738599,2040
2244,65627,428021239,59.352909743893903,18.073065827151019,25.256657348014414,2144305,11034118,1393.34131,0.156975716,-0.0404398181,1.58701515,136255.75818929423,0.0450227261,1.39229321,-0.193591058,2040
2257,65627,428021239,59.352909126874195,18.073065784293874,25.257081624120474,2144305,11034118,1393.34082,0.154078856,-0.041797597,1.67708337,136255.80816487779,0.0344293118,1.44849229,-0.253439695,2040
2271,65627,428021239,59.3529084288718,18.073065601612186,25.258189376443624,2144305,11034118,1393.33972,0.150165677,-0.0414611623,1.7762624,136255.85811678294,0.0329290628,1.52338827,-0.268248409,2040
2284,65627,428021239,59.352908083388542,18.07306730361103,25.259195642545819,2144305,11034120,1393.33875,0.143561468,-0.0408642069,1.86466491,136255.90814046373,0.0934617519,1.56432128,-0.309474975,2040
2298,65627,428021239,59.352907350908907,18.07306690959857,25.258715946227312,2144305,11034118,1393.33923,0.133732989,-0.0381257124,1.96639693,136255.9581404661,0.116882324,1.60910499,-0.356019199,2040
2311,65627,428021239,59.352906688035262,18.073066418340428,25.260828943923116,2144304.75,11034118,1393.33716,0.12652798,-0.0361762047,2.05984616,136256.00817708482,0.128824592,1.61206663,-0.334104955,2040
2325,65627,428021239,59.352905991354639,18.073065775995889,25.263979363255203,2144304.75,11034118,1393.33398,0.125335991,-0.0351983048,2.15926671,136256.05820638264,0.178727984,1.61643136,-0.296761632,2040
2338,65627,428021239,59.352905178595179,18.073068084135045,25.265558450482786,2144304.5,11034120,1393.3324,0.130690098,-0.0383964889,2.23951578,136256.10824422349,0.287335992,1.60096824,-0.209854484,2040
2352,65627,428021239,59.352904512047552,18.073067349575954,25.256714665330946,2144304.5,11034120,1393.34119,0.140469953,-0.0450498387,2.33543634,136256.15824422587,0.361572027,1.59663773,-0.164248884,2040
2365,65627,428021239,59.3529039115529,18.073066602366282,25.251167085953057,2144304.5,11034118,1393.3468,0.144024312,-0.0523339249,2.42380214,136256.20821980943,0.42996937,1.60048771,-0.1723454,2040
2379,65619,428021239,59.352903277180701,18.073065713811094,25.244653199799359,2144304.25,11034118,1393.35327,0.143223569,-0.0593423322,2.52055597,136256.25815755452,0.491696119,1.59613323,-0.195437193,2040
2392,65627,428021239,59.352902591492182,18.07306695931279,25.24071778729558,2144304.25,11034118,1393.35718,0.144043028,-0.0632432476,2.60541224,136256.30819539537,0.566769123,1.53379679,-0.223524213,2040
2406,65627,428021239,59.352902015904128,18.073065984895898,25.238156112842262,2144304.25,11034118,1393.35974,0.149997249,-0.0632146001,2.70297885,136256.35819539774,0.606093526,1.46456861,-0.249728382,2040
2419,65627,428021239,59.352901526048932,18.073065057431968,25.237215062603354,2144304.25,11034118,1393.36072,0.156560645,-0.0600184612,2.79171753,136256.4081709813,0.642487943,1.39640749,-0.292719632,2040
2433,65627,428021239,59.352901032422274,18.073064020626369,25.237543889321387,2144304.25,11034118,1393.36035,0.161723509,-0.0541163273,2.88661551,136256.45820027913,0.683211923,1.3559556,-0.346199632,2040
2446,65627,428021239,59.352900302977183,18.073064556045519,25.241614540107548,2144304.25,11034118,1393.35632,0.16598618,-0.0473611392,2.97041583,136256.50823811998,0.721296132,1.35024762,-0.362315595,2040
2460,65627,428021239,59.352899885011269,18.073063355731463,25.247211340814829,2144304,11034118,1393.35071,0.168538213,-0.0390720032,3.06829095,136256.55823812235,0.724677801,1.38327312,-0.41072008,2040
2473,65627,428021239,59.352899552882981,18.073062169955204,25.253604182973504,2144304,11034118,1393.34436,0.173077956,-0.030865442,-3.12346792,136256.60821370591,0.721515536,1.36770439,-0.431163013,2040
2487,65627,428021239,59.352899263024149,18.073060825233579,25.262917459011078,2144304,11034118,1393.33508,0.17737332,-0.0227430202,-3.02445817,136256.658151451,0.71149075,1.39304435,-0.426257789,2040
2500,65627,428021239,59.352898554230919,18.073060412402867,25.271334506571293,2144304,11034118,1393.32666,0.183182925,-0.0170640238,-2.93607283,136256.70818929185,0.710987389,1.4245795,-0.414101303,2040
2514,65627,428021239,59.352898413656689,18.073058942512009,25.269337200559676,2144303.75,11034118,1393.32861,0.184743822,-0.0128524806,-2.83257723,136256.75818929423,0.681183398,1.47343612,-0.384736538,2040
2527,65627,428021239,59.35289837344046,18.073057536226141,25.272114232182503,2144303.75,11034118,1393.32581,0.183943897,-0.0108932788,-2.73501301,136256.80825643052,0.653814852,1.49613178,-0.33316952,2040
2541,65627,428021239,59.35289842098166,18.073056028432099,25.269630685448647,2144303.75,11034118,1393.32837,0.177797109,-0.0112394029,-2.62833214,136256.85819417561,0.632750034,1.51163065,-0.26110369,2040
2554,65627,428021239,59.352897042154744,18.073055036554006,25.267930971458554,2144303.75,11034118,1393.32996,0.168399781,-0.0134087419,-2.54327583,136256.90823201646,0.678831279,1.47101295,-0.235616192,2040
2568,65627,428021239,59.352897213144033,18.073053590599315,25.26710313744843,2144303.75,11034118,1393.33081,0.160218149,-0.0150794778,-2.43527174,136256.95823201883,0.657317638,1.45024419,-0.199186742,2040
2581,65627,428021239,59.352897438338807,18.073052331364266,25.264456439763308,2144303.75,11034118,1393.3335,0.153213516,-0.0162815284,-2.33535647,136257.00817708482,0.633585334,1.41869271,-0.211771101,2040
2595,65627,428021239,59.352897753114156,18.073051060635059,25.26255245693028,2144303.75,11034118,1393.33545,0.150457427,-0.0153638795,-2.22690058,136257.05812190994,0.595955551,1.39804935,-0.245777309,2040
2608,65627,428021239,59.352896765279141,18.073049128947961,25.264153626747429,2144303.75,11034118,1393.33374,0.151342571,-0.0134763364,-2.13892317,136257.10815267076,0.611761093,1.35731721,-0.250421494,2040
2622,65627,428021239,59.352897196962239,18.073048033990506,25.267861764878035,2144303.75,11034118,1393.33008,0.153668001,-0.00819039345,-2.02796507,136257.15815267313,0.568126559,1.38456154,-0.302348971,2040
2635,65627,428021239,59.352897671934251,18.073047131634628,25.274411874823272,2144303.75,11034118,1393.32349,0.157100961,-0.00192513375,-1.92321575,136257.20812825669,0.520766139,1.41389227,-0.322413266,2040
2649,65627,428021239,59.352898257920202,18.07304632097631,25.275743585079908,2144303.75,11034118,1393.32214,0.160499245,0.00382453459,-1.80683374,136257.25815755452,0.457214057,1.46088159,-0.292003751,2040
2662,65627,428021239,59.352898157212536,18.073043597496156,25.275605765171349,2144303.75,11034118,1393.32239,0.166495487,0.00438551139,-1.71065271,136257.30819539537,0.462440848,1.46018279,-0.204710543,2040
2676,65627,428021239,59.352898818280025,18.073043083023784,25.272151498124003,2144304,11034118,1393.32581,0.159205183,0.000714495662,-1.59475589,136257.35819539774,0.437130094,1.44109547,-0.148324132,2040
2689,65627,428021239,59.352899433384977,18.073042759890821,25.262489395216107,2144304,11034118,1393.33545,0.150768369,-0.00650750333,-1.49126577,136257.4081709813,0.426610231,1.39267778,-0.0805456042,2040
2703,65627,428021239,59.352900075561905,18.073042542060062,25.253942491486669,2144304,11034118,1393.34399,0.146936566,-0.0177645646,-1.3845706,136257.45811580642,0.418290734,1.29198992,-0.0209527016,2040
2716,65627,428021239,59.352900844663218,18.073040208152275,25.240671665407717,2144304.25,11034118,1393.3573,0.146163553,-0.030016033,-1.29923677,136257.50814656724,0.490779161,1.22152615,-0.0438042283,2040
2730,65627,428021239,59.352901439676209,18.073040132875303,25.225895405746996,2144304.25,11034118,1393.37207,0.141967893,-0.040923968,-1.19959021,136257.55814656962,0.510636806,1.17022526,-0.0554640293,2040
2744,65627,428021239,59.352901982548175,18.073040133327204,25.217550866305828,2144304.25,11034118,1393.38037,0.138325125,-0.0494776033,-1.10905313,136257.60812215318,0.529027224,1.14825046,-0.0770173073,2040
2758,65627,428021239,59.352902578337456,18.073040227028077,25.211589861661196,2144304.25,11034118,1393.38635,0.137745917,-0.0553809628,-1.01082456,136257.658151451,0.555055261,1.17690432,-0.145676732,2040
2771,65627,428021239,59.352903488491599,18.073038593444746,25.216162299737334,2144304.25,11034116,1393.38184,0.139173388,-0.0580513366,-0.925417423,136257.70818929185,0.617258668,1.19519496,-0.219926596,2040
2785,65627,428021239,59.352904113966261,18.073038867507361,25.221707153134048,2144304.5,11034116,1393.37622,0.141249076,-0.0550101623,-0.823350966,136257.75818929423,0.619339705,1.19124305,-0.276647866,2040
2798,65627,428021239,59.352904667546184,18.073039215233344,25.229589940980077,2144304.5,11034116,1393.36841,0.139437526,-0.0484710149,-0.729194343,136257.80816487779,0.61108768,1.13524187,-0.304420292,2040
2812,65627,428021239,59.352905217477563,18.073039665069189,25.232998537831008,2144304.5,11034116,1393.36499,0.136038393,-0.0393794663,-0.629442394,136257.85816488016,0.600780725,1.04237366,-0.28502357,2040
2825,65627,428021239,59.352906199527304,18.073038533020608,25.238943637348711,2144304.75,11034116,1393.35901,0.131858408,-0.0316423923,-0.54677707,136257.90814046373,0.618824303,0.92859602,-0.271851301,2040
2839,65627,428021239,59.35290665621082,18.073039026946276,25.244399396702647,2144304.75,11034116,1393.35352,0.126910135,-0.021714611,-0.453957856,136257.9581404661,0.575770795,0.911617041,-0.266268969,2040
2852,65627,428021239,59.352907033651483,18.073039555572429,25.249668440781534,2144305,11034116,1393.34827,0.121139213,-0.013764957,-0.369625032,136258.00817708482,0.529157817,0.88187921,-0.244827569,2040
2866,65627,428021239,59.352907392267888,18.073040166732863,25.256117007695138,2144305,11034118,1393.3418,0.117333502,-0.00603902992,-0.280497551,136258.05820638264,0.497586429,0.822570086,-0.236117721,2040
2879,65627,428021239,59.352908313882502,18.073039897162136,25.261410458944738,2144305,11034118,1393.33655,0.117119245,-0.00131303247,-0.204589471,136258.10824422349,0.486856639,0.728077292,-0.194706619,2040
2893,65627,428021239,59.352908577849661,18.073040463092966,25.268850789405406,2144305,11034118,1393.3291,0.117478617,0.00312775141,-0.122457027,136258.15824422587,0.42345804,0.659793377,-0.18100667,2040
2906,65627,428021239,59.352908769760418,18.073040987495439,25.273076347075403,2144305,11034118,1393.32483,0.117826611,0.00693948055,-0.0496451706,136258.20821980943,0.35702756,0.624565125,-0.166245162,2040
2920,65627,428021239,59.35290892010174,18.073041544178924,25.279624311253428,2144305,11034118,1393.31836,0.121256582,0.0101230722,0.0256704446,136258.25817879461,0.266665399,0.592413187,-0.11659652,2040
2933,65627,428021239,59.352909543501347,18.073041778734058,25.281143645755947,2144305,11034118,1393.31677,0.119834296,0.012314437,0.0909204334,136258.30819539537,0.218041211,0.602365375,-0.133504197,2040
2947,65627,428021239,59.352909585575816,18.073042345651118,25.286649577319622,2144305,11034118,1393.31128,0.115540855,0.0154514788,0.161253244,136258.35819539774,0.113248706,0.58627069,-0.101699322,2040
2960,65627,428021239,59.352909568484975,18.073042830435053,25.289038548246026,2144305,11034118,1393.30896,0.111825444,0.0162344668,0.222323716,136258.40826253404,0.0307805762,0.552521586,-0.0546578653,2040
2974,65627,428021239,59.352909506561538,18.073043300673195,25.289062808267772,2144305,11034118,1393.30884,0.107242055,0.0149600562,0.2835536,136258.45826253641,-0.0251636729,0.508205235,-0.0321294218,2040
2987,65627,428021239,59.352910118847205,18.073044144103381,25.29345656838268,2144305,11034118,1393.30444,0.0986585766,0.0120137092,0.332717717,136258.50823811998,-0.0129286982,0.451766491,-0.0444644727,2040
3001,65627,428021239,59.352910041875226,18.073044469002394,25.29433014895767,2144305,11034118,1393.30359,0.0970893577,0.00872628018,0.38132593,136258.55823812235,-0.0468682423,0.334031403,0.0115318075,2040
3014,65627,428021239,59.352909972426616,18.073044667944895,25.296125208958983,2144305,11034118,1393.30176,0.100475855,0.00477756513,0.419855416,136258.60821370591,-0.0699987859,0.253560901,0.0222699195,2040
3028,65627,428021239,59.352909890331873,18.073044814837825,25.293315057642758,2144305,11034118,1393.30457,0.100575291,0.000456025184,0.45639351,136258.6581726911,-0.11600247,0.189743623,0.00246082991,2040
3041,65627,428021239,59.352910551622024,18.07304549157303,25.298592764884233,2144305.25,11034118,1393.29932,0.0995162651,-0.00457273563,0.483958572,136258.70818929185,-0.103153542,0.121888399,0.00326380134,2040
3055,65627,428021239,59.352910487278052,18.073045506564757,25.299800876528025,2144305.25,11034118,1393.2981,0.102082387,-0.0078850938,0.510480523,136258.75818929423,-0.12282607,0.0499846637,0.0105673894,2040
3068,65619,428021239,59.352910433677117,18.073045462728956,25.300466869957745,2144305.25,11034118,1393.29749,0.104914501,-0.0103110932,0.530710101,136258.80825643052,-0.14590919,-0.012084391,0.000276878476,2040
3082,65619,428021239,59.352910381603451,18.073045352873368,25.302005870267749,2144305,11034118,1393.2959,0.106236465,-0.0121687511,0.547996223,136258.85819417561,-0.166198432,-0.0758480802,-0.00358204544,2040
3095,65619,428021239,59.352910514371949,18.073045328802507,25.302876639179885,2144305.25,11034118,1393.29504,0.106229432,-0.0132866632,0.560187995,136258.90823201646,-0.167211741,-0.114021361,-0.0074926354,2040
3109,65619,428021239,59.352910479871582,18.073045141529622,25.304558577947319,2144305.25,11034118,1393.29333,0.106573522,-0.012960447,0.570560396,136258.95823201883,-0.178417906,-0.160322934,-0.0186431725,2040
3122,65619,428021239,59.352910455494516,18.073044927583201,25.30709273647517,2144305.25,11034118,1393.29089,0.106307514,-0.0118116988,0.577159882,136259.00817708482,-0.193232968,-0.210545719,-0.0186310522,2040
3136,65619,428021239,59.352910437771591,18.073044643171034,25.305969002656639,2144305.25,11034118,1393.29199,0.105000302,-0.0101969261,0.580850601,136259.05813607,-0.216038004,-0.286394179,-0.00943471678,2040
3149,65619,428021239,59.352910572715857,18.073044545613211,25.30694439355284,2144305.25,11034118,1393.29102,0.102026053,-0.00896091014,0.579694629,136259.10815267076,-0.235089049,-0.367191344,-0.00891459361,2040
3163,65627,428021239,59.352910581630553,18.073044096277311,25.307876601815224,2144305.25,11034118,1393.29004,0.0984546542,-0.00754699577,0.572675288,136259.15815267313,-0.269126952,-0.492157519,-0.00359842926,2040
3176,65627,428021239,59.35291060737427,18.073043573549377,25.305882897228003,2144305.25,11034118,1393.29211,0.0979696065,-0.00637508277,0.559605539,136259.20821980943,-0.296671152,-0.63250792,-0.00100441277,2040
3190,65619,428021239,59.352910656044848,18.073042874073153,25.313477710820735,2144305.25,11034118,1393.28442,0.101526789,-0.00550629385,0.537418485,136259.25815755452,-0.321900636,-0.783635139,0.0110317469,2040
3203,65619,428021239,59.352910414316895,18.073043845310675,25.323483882471919,2144305.25,11034118,1393.27441,0.109045297,-0.00525783654,0.507836342,136259.30819539537,-0.326180011,-0.864773631,0.0160996541,2040
3217,65619,428021239,59.352910479824359,18.073042956074001,25.322140941396356,2144305.25,11034118,1393.27576,0.11594753,-0.0044362545,0.469679505,136259.35819539774,-0.340937495,-0.998113096,0.0366620272,2040
3230,65619,428021239,59.35291054162083,18.073042029325691,25.32533123716712,2144305.25,11034118,1393.27258,0.121207133,-0.00370805617,0.427830517,136259.4081709813,-0.353823334,-1.10927176,0.0561962873,2040
3244,65627,428021239,59.352910599872068,18.073040918356554,25.333849621936679,2144305.25,11034118,1393.26404,0.125614122,-0.00259431405,0.375671923,136259.45813704652,-0.368893534,-1.21910083,0.0752617866,2040
3257,65619,428021239,59.352909648062671,18.073041012800005,25.339206608943641,2144305,11034118,1393.25879,0.13184692,-0.000350757997,0.316700608,136259.50814656724,-0.420667022,-1.25068641,0.0883020908,2040
3271,65619,428021239,59.35290962712925,18.073039763213483,25.341643531806767,2144305,11034116,1393.25635,0.136423066,0.000660564168,0.251889735,136259.55814656962,-0.431012809,-1.34544003,0.114783928,2040
3285,65627,428021239,59.352909574899726,18.073038536617744,25.342630869708955,2144305,11034116,1393.25537,0.141021788,0.00141663104,0.18648915,136259.60821370591,-0.435505271,-1.43199658,0.135083094,2040
3299,65627,428021239,59.352909474627531,18.07303714550142,25.341761686839163,2144305,11034116,1393.25623,0.151126906,0.00142472866,0.110363752,136259.658151451,-0.437486291,-1.50076187,0.185721964,2040
3312,65627,428021239,59.352908502759206,18.07303727977002,25.347639597952366,2144305,11034116,1393.25024,0.161580518,0.00255837641,0.0305269416,136259.70818929185,-0.492620826,-1.47864807,0.180361167,2040
3326,65627,428021239,59.352908259530295,18.073035916528688,25.348093837499619,2144305,11034116,1393.24988,0.170684457,0.0026414895,-0.0517402813,136259.75818929423,-0.517950833,-1.4996767,0.196098179,2040
3339,65627,428021239,59.352907973497771,18.073034674778043,25.349989368580282,2144305,11034116,1393.24792,0.174800962,0.00248747203,-0.129197821,136259.80816487779,-0.535381913,-1.5331136,0.212835014,2040
3353,65619,428021239,59.352907599291399,18.073033345144232,25.352723149582744,2144305,11034116,1393.24524,0.17752859,0.00210893201,-0.21577765,136259.858130943,-0.544168591,-1.58184552,0.228085369,2040
3366,65619,428021239,59.352906590788272,18.073033527721808,25.364997089840472,2144304.75,11034116,1393.23291,0.17828171,0.00286077848,-0.304346681,136259.90814046373,-0.601150155,-1.58867204,0.233274102,2040
3380,65619,428021239,59.352906064261425,18.073032325044466,25.367323107086122,2144304.75,11034116,1393.23059,0.179030761,0.00214002747,-0.39679262,136259.9581404661,-0.614991546,-1.62346363,0.247488976,2040
3393,65619,428021239,59.35290551773803,18.073031286323339,25.373420814052224,2144304.75,11034116,1393.22449,0.181433856,0.00133703323,-0.484108806,136260.00817708482,-0.633901358,-1.64091969,0.257570505,2040
3407,65627,428021239,59.352904867135635,18.073030274764559,25.374469448812306,2144304.5,11034116,1393.22351,0.185552865,0.0004786918,-0.579000115,136260.05811482991,-0.648321152,-1.64010179,0.263538003,2040
3420,65627,428021239,59.352904030363071,18.073031580123612,25.386262398213148,2144304.5,11034116,1393.21167,0.191794232,0.00118282635,-0.673242748,136260.10815267076,-0.715533972,-1.57739258,0.252522647,2040
3434,65627,428021239,59.352903284194142,18.073030923404893,25.390245717950165,2144304.25,11034116,1393.20764,0.192494407,0.000809866877,-0.766752899,136260.15815267313,-0.742463589,-1.57717443,0.244547784,2040
3447,65627,428021239,59.352902565640832,18.073030454423282,25.393316566944122,2144304.25,11034116,1393.20459,0.190909728,0.000653771101,-0.852289259,136260.20812825669,-0.750568628,-1.57526517,0.241599202,2040
3461,65627,428021239,59.352901766471639,18.073030076849239,25.399322737008333,2144304.25,11034116,1393.19861,0.18927069,0.000132067857,-0.944842696,136260.25810140194,-0.735347867,-1.5888797,0.255161405,2040
3474,65627,428021239,59.352901375129953,18.07303217552538,25.413390469737351,2144304.25,11034116,1393.18457,0.191129446,0.000528591452,-1.03878868,136260.30810384263,-0.770454526,-1.54832232,0.259337306,2040
3488,65627,428021239,59.352900556173246,18.073032119484328,25.417097647674382,2144304.25,11034116,1393.18079,0.194840491,-0.00022481264,-1.13289702,136260.35810384501,-0.758463383,-1.57829094,0.307910025,2040
3501,65627,428021239,59.352899772437112,18.073032175488247,25.418266287073493,2144304,11034116,1393.17969,0.199580669,-0.00296927383,-1.2221024,136260.4081709813,-0.755443692,-1.64840293,0.396672666,2040
3515,65627,428021239,59.352898924779304,18.073032363431313,25.42171045858413,2144304,11034116,1393.17627,0.186521247,-0.00493352534,-1.31901121,136260.45810872639,-0.710802794,-1.63484907,0.274149537,2040
3528,65627,428021239,59.35289878660334,18.073035342505456,25.434455539099872,2144304,11034116,1393.16345,0.184808418,-0.00419813674,-1.41826403,136260.50814656724,-0.765273333,-1.65036261,0.288191557,2040
3542,65627,428021239,59.352897950764039,18.07303586339042,25.436449818313122,2144303.75,11034116,1393.1615,0.17946142,-0.0048357835,-1.51764333,136260.55814656962,-0.733257771,-1.7391094,0.262738883,2040
3555,65627,428021239,59.352897178534676,18.073036459763962,25.438533518463373,2144303.75,11034116,1393.15942,0.183266416,-0.00318287616,-1.61086369,136260.60812215318,-0.706395745,-1.81450653,0.218228579,2040
3569,65627,428021239,59.35289633827341,18.073037246420132,25.448764402419329,2144303.5,11034116,1393.14917,0.185270995,0.00134175655,-1.71454751,136260.658151451,-0.674463034,-1.91655242,0.198976815,2040
3582,65627,428021239,59.352896847440043,18.073041043273648,25.463746287859976,2144303.75,11034118,1393.13416,0.190031603,0.010310757,-1.82612503,136260.70809773912,-0.745423198,-1.93108952,0.171454132,2040
3596,65619,428021239,59.35289607684669,18.073042227641054,25.472220122814178,2144303.5,11034118,1393.12573,0.191966355,0.0188913327,-1.93409753,136260.75809774149,-0.713247061,-2.00453782,0.156826913,2040
3609,65619,428021239,59.352895402603501,18.073043456913627,25.485716436058283,2144303.5,11034118,1393.11218,0.191340849,0.0275261793,-2.03433275,136260.80816487779,-0.682046473,-2.04477882,0.157488942,2040
3623,65627,428021239,59.352894725314329,18.073044919262919,25.499012952670455,2144303.25,11034118,1393.09888,0.190490723,0.035955973,-2.14256716,136260.85810262288,-0.646348,-2.08282232,0.181665719,2040
3636,65627,428021239,59.352895815941579,18.073048498827969,25.517283282242715,2144303.5,11034118,1393.08069,0.193713456,0.0456879474,-2.25655437,136260.90814046373,-0.706480026,-2.06722236,0.189516366,2040
3650,65627,428021239,59.352895311357472,18.073050255417371,25.527450584806502,2144303.5,11034118,1393.07043,0.196724147,0.051776126,-2.36586618,136260.9581404661,-0.652524471,-2.12187123,0.240297645,2040
3663,65627,428021239,59.35289490247299,18.073051968685242,25.536659829318523,2144303.25,11034118,1393.06128,0.201369122,0.0559801683,-2.46841717,136261.00817708482,-0.599228084,-2.16691017,0.284199357,2040
3677,65627,428021239,59.35289452955886,18.07305392044859,25.542121702805161,2144303.25,11034118,1393.05579,0.202213272,0.0588342287,-2.58143902,136261.05815023006,-0.558204889,-2.19782305,0.327185601,2040
3690,65627,428021239,59.35289562824584,18.073056523027944,25.553314814344049,2144303.5,11034118,1393.04468,0.194398403,0.0627747402,-2.69497037,136261.10815267076,-0.608991206,-2.15870619,0.296072155,2040
3704,65627,428021239,59.352895506478319,18.073058544736892,25.558796348981559,2144303.5,11034118,1393.03918,0.181496665,0.0657753423,-2.80528951,136261.15815267313,-0.58292824,-2.11285877,0.218747914,2040
3717,65627,428021239,59.3528954952547,18.073060396111796,25.565048694610596,2144303.5,11034118,1393.03284,0.171692863,0.0695936829,-2.90522671,136261.20821980943,-0.590699255,-2.10489511,0.195103213,2040
3731,65627,428021239,59.352895598393296,18.073062391548678,25.574070278555155,2144303.5,11034118,1393.02393,0.166792169,0.0748930275,-3.01289368,136261.25815755452,-0.612448812,-2.12305808,0.166206032,2040
3744,65627,428021239,59.352897129595554,18.073062877841831,25.588778997771442,2144303.75,11034118,1393.00916,0.166890264,0.0814452618,-3.12318754,136261.30819539537,-0.719446778,-2.12200308,0.19109112,2040
3758,65627,428021239,59.352897518548183,18.073064818732583,25.597209669649601,2144303.75,11034118,1393.00073,0.168492407,0.0842158273,3.04871416,136261.35819539774,-0.760973752,-2.16893101,0.253825665,2040
3771,65627,428021239,59.352897985481498,18.073066543701987,25.599496728740633,2144303.75,11034118,1392.99841,0.169668168,0.0844988674,2.94602442,136261.4081709813,-0.781626403,-2.15873146,0.283689082,2040
3785,65627,428021239,59.352898596395328,18.07306828178745,25.601295034401119,2144304,11034120,1392.9967,0.168430611,0.0819869414,2.8367691,136261.45817098368,-0.806264699,-2.13554049,0.319863856,2040
3798,65627,428021239,59.352899739683075,18.073068504738885,25.602654515765607,2144304,11034120,1392.99524,0.167151302,0.0786272213,2.7330637,136261.50823811998,-0.857188582,-2.08592892,0.335310459,2040
3812,65627,428021239,59.352900540308433,18.073069884956734,25.599841996096075,2144304.25,11034120,1392.99805,0.160715669,0.0727998167,2.62845469,136261.55823812235,-0.873419285,-2.0950098,0.331295371,2040
3826,65627,428021239,59.352901349893287,18.073071014994198,25.598759054206312,2144304.25,11034120,1392.99915,0.15751645,0.0666692033,2.53252792,136261.60821370591,-0.885541677,-2.12934971,0.351349831,2040
3840,65627,428021239,59.352902300540777,18.073072092395272,25.593079839833081,2144304.25,11034120,1393.00488,0.158542082,0.0590742268,2.42799187,136261.658151451,-0.888767123,-2.16969657,0.383923292,2040
3853,65627,428021239,59.352903075002267,18.073070648573712,25.590977006591856,2144304.25,11034120,1393.00696,0.163398802,0.0518548414,2.32392669,136261.70818929185,-0.916295409,-2.11438894,0.399299741,2040
3867,65627,428021239,59.352904112367334,18.073071283885252,25.584349918179214,2144304.5,11034120,1393.01355,0.166282788,0.0426816829,2.22142196,136261.75818929423,-0.900403261,-2.10662007,0.427244604,2040
3880,65627,428021239,59.352905091130772,18.073071705674682,25.577703985385597,2144304.5,11034120,1393.02026,0.162438333,0.0328025967,2.12856078,136261.80816487779,-0.860162973,-2.11252117,0.440132082,2040
3894,65627,428021239,59.35290615686305,18.073072009006125,25.567947244271636,2144304.75,11034120,1393.03003,0.157794714,0.0212209132,2.03021049,136261.85815218309,-0.799274087,-2.11524749,0.453561544,2040
3907,65627,428021239,59.352906840667814,18.073069457489218,25.565855924971402,2144304.75,11034120,1393.0321,0.163390592,0.0106383674,1.9309988,136261.90823201646,-0.801477671,-2.07764864,0.499789715,2040
3921,65627,428021239,59.352907912062108,18.073069403299971,25.555774127133191,2144305,11034120,1393.04211,0.173235968,-0.00360178738,1.83397281,136261.95823201883,-0.717273951,-2.14093637,0.549075246,2040
3934,65627,428021239,59.352908912888992,18.073069256287539,25.550334465689957,2144305,11034120,1393.04761,0.177282885,-0.0154495444,1.74260461,136262.00817708482,-0.620622277,-2.20672035,0.504518092,2040
3948,65627,428021239,59.352910013640304,18.073068992841765,25.549858102574944,2144305,11034120,1393.0481,0.172918156,-0.0250228215,1.63994217,136262.0581162929,-0.514293432,-2.32383132,0.43832624,2040
3961,65627,428021239,59.352910105438951,18.073065584777126,25.551976639777422,2144305,11034118,1393.04602,0.17018351,-0.0277932342,1.52693105,136262.10815267076,-0.494318247,-2.38216138,0.355452657,2040
3975,65627,428021239,59.352911232850452,18.073064959968406,25.554341686889529,2144305.25,11034118,1393.04358,0.174014106,-0.027430715,1.41145539,136262.15815267313,-0.388296008,-2.52035189,0.295395255,2040
3988,65627,428021239,59.352912283584551,18.073064216188758,25.56858148984611,2144305.5,11034118,1393.02942,0.184728399,-0.0224526394,1.29889357,136262.20812825669,-0.293821812,-2.59636211,0.27736342,2040
4002,65627,428021239,59.352913405242262,18.073063218738174,25.581799179315567,2144305.5,11034118,1393.01611,0.199338496,-0.0138905765,1.17215896,136262.25815755452,-0.192852259,-2.63730192,0.301684856,2040
4015,65627,428021239,59.352913531082194,18.073060140997406,25.599457406438887,2144305.5,11034118,1392.99854,0.212624222,-0.00285820197,1.04274333,136262.30819539537,-0.176126361,-2.5954783,0.333756804,2040
4029,65627,428021239,59.352914492320863,18.073058711086208,25.610577464103699,2144305.75,11034118,1392.9873,0.219555438,0.00636006985,0.911640584,136262.35819539774,-0.120236158,-2.52603412,0.377535224,2040
4042,65627,428021239,59.352915272577263,18.073057264322923,25.615529458038509,2144305.75,11034118,1392.98242,0.218058959,0.0132641438,0.791312277,136262.4081709813,-0.0754103065,-2.41188645,0.377340496,2040
4056,65627,428021239,59.352915984743277,18.073055608319304,25.625110076740384,2144305.75,11034118,1392.97278,0.204411164,0.0194722153,0.662836671,136262.45810872639,-0.0557718873,-2.28731298,0.327700466,2040
4069,65627,428021239,59.352914654824232,18.07305193707888,25.640662863850594,2144305.75,11034118,1392.95728,0.192970127,0.0263981856,0.532404721,136262.50814656724,-0.192035705,-2.15573215,0.327999175,2040
4083,65627,428021239,59.352915015901438,18.07305012347549,25.646353202871978,2144305.75,11034118,1392.95154,0.183467463,0.0286495853,0.408318788,136262.55814656962,-0.220145524,-2.03183436,0.307040393,2040
4096,65627,428021239,59.352915218890466,18.07304848338649,25.648238363675773,2144305.75,11034118,1392.94971,0.182142183,0.0298321266,0.297766894,136262.60812215318,-0.24315545,-1.90755785,0.288918108,2040
4110,65627,428021239,59.352915307695916,18.073046777562126,25.649514798074961,2144305.75,11034118,1392.94849,0.18603757,0.029577462,0.183195829,136262.658151451,-0.275571644,-1.76233971,0.290822744,2040
4123,65627,428021239,59.352913635788823,18.073044838193862,25.660573138855398,2144305.5,11034118,1392.93738,0.195120186,0.0309338868,0.0740711913,136262.70818929185,-0.41185534,-1.63585055,0.284961641,2040
4137,65627,428021239,59.352913447999448,18.073043338023478,25.660842712968588,2144305.5,11034118,1392.93713,0.204241157,0.0284418799,-0.0323601291,136262.75818929423,-0.460663974,-1.58840477,0.319845527,2040
4150,65627,428021239,59.35291318406987,18.073042018865308,25.663737159222364,2144305.5,11034118,1392.9342,0.20092468,0.0254669953,-0.130870044,136262.80816487779,-0.503826618,-1.57044721,0.293172747,2040
4156,65627,428021239,59.35291282061393,18.073040723936959,25.664875935763121,2144305.5,11034118,1392.93311,0.19865261,0.0213018823,-0.235301003,136262.85922395877,-0.548214316,-1.56211162,0.313139945,2040
4164,65627,428021239,59.352912050334467,18.073039990844343,25.668616622686386,2144305.25,11034118,1392.92932,0.196202874,0.0175509341,-0.335525841,136262.91168367557,-0.592859864,-1.53229678,0.310549796,2040
4171,65627,428021239,59.352911447261931,18.073038777795837,25.671474289149046,2144305.25,11034116,1392.92651,0.195836291,0.0125417504,-0.457058579,136262.96120662484,-0.622418046,-1.49462962,0.292859375,2040
4181,65627,428021239,59.352910871756123,18.073037900770935,25.672824528999627,2144305.25,11034116,1392.92517,0.190323099,0.00857466552,-0.559729695,136263.01118416499,-0.647757053,-1.44516766,0.285759866,2040
4194,65627,428021239,59.352910282972132,18.073037218393473,25.676802114583552,2144305,11034116,1392.92114,0.18327871,0.00455859909,-0.655887961,136263.06120638279,-0.665233612,-1.38951421,0.273769319,2040
4208,65627,428021239,59.352909229846475,18.073037559094747,25.680596076883376,2144305,11034116,1392.91736,0.179114297,0.000657055003,-0.760133743,136263.11125130366,-0.720328808,-1.32813954,0.267848134,2040
4221,65619,428021239,59.352908599307305,18.073037221527276,25.678416499868035,2144305,11034116,1392.91956,0.17715019,-0.00316542969,-0.850297034,136263.16125130604,-0.734806418,-1.28976524,0.252304792,2040
4235,65619,428021239,59.35290790527899,18.073037015515816,25.678190651349723,2144305,11034116,1392.9198,0.174493849,-0.00600952748,-0.945250392,136263.2112268896,-0.766066313,-1.27832866,0.23006469,2040
4248,65627,428021239,59.352907253511951,18.073036955319377,25.678333357907832,2144305,11034116,1392.91956,0.171745509,-0.00708556734,-1.03204155,136263.26122689198,-0.777190924,-1.2982527,0.208619058,2040
4262,65627,428021239,59.352906528606482,18.07303819164823,25.681783518753946,2144304.75,11034116,1392.91614,0.171990663,-0.00620822841,-1.13051581,136263.31120247554,-0.805848002,-1.33413637,0.218332887,2040
4275,65627,428021239,59.352905846982864,18.07303836766209,25.680437586270273,2144304.75,11034116,1392.91748,0.176234126,-0.00639641704,-1.22070408,136263.36120247791,-0.798889041,-1.38865781,0.257597089,2040
4289,65627,428021239,59.352905092677368,18.073038665280013,25.671121630817652,2144304.5,11034116,1392.92688,0.177948177,-0.00755207054,-1.32029855,136263.41117806148,-0.783475757,-1.45398617,0.276775718,2040
4302,65627,428021239,59.352904390173542,18.073039047001192,25.667379525490105,2144304.5,11034116,1392.93054,0.170701548,-0.00898775645,-1.41332662,136263.46120027927,-0.767155051,-1.50900042,0.246572793,2040
4316,65627,428021239,59.35290372935021,18.073040446191449,25.675182206556201,2144304.5,11034118,1392.92273,0.160890445,-0.00955227297,-1.51767743,136263.51124520015,-0.772096992,-1.55929995,0.221455395,2040
4329,65627,428021239,59.352903043410791,18.073041076250419,25.672657092101872,2144304.25,11034118,1392.92529,0.154950157,-0.00997628644,-1.61108625,136263.56124520252,-0.745725274,-1.58267379,0.194812477,2040
4343,65627,428021239,59.35290233037756,18.073041874400651,25.677188791334629,2144304.25,11034118,1392.92078,0.156414077,-0.00888279174,-1.71052873,136263.61122078609,-0.72160542,-1.60879683,0.169785678,2040
4356,65627,428021239,59.35290169163634,18.073042718645809,25.681425455957651,2144304.25,11034118,1392.9165,0.157735303,-0.00639500981,-1.80188286,136263.66122078846,-0.699249864,-1.66621697,0.15217036,2040
4371,65619,428021239,59.352901507463983,18.073044643233413,25.68812068272382,2144304.25,11034118,1392.90979,0.157651886,-0.00143755157,-1.90511787,136263.71119637202,-0.696908116,-1.70950723,0.140184283,2040
4384,65619,428021239,59.352900916039417,18.073045721026901,25.690677070990205,2144304.25,11034118,1392.90723,0.156841278,0.00311958091,-1.99873781,136263.7611963744,-0.652860761,-1.79060614,0.137277782,2040
4398,65627,428021239,59.35290029414363,18.073046999849446,25.704418021254241,2144304.25,11034118,1392.89355,0.15611726,0.00884338096,-2.10274553,136263.81117195796,-0.593952239,-1.86470973,0.12451911,2040
4411,65627,428021239,59.352899748548772,18.073048275461769,25.707865498028696,2144304,11034118,1392.89014,0.158585846,0.0147289801,-2.20059085,136263.86119417576,-0.543565929,-1.92095935,0.115276664,2040
4425,65627,428021239,59.352899652111489,18.073050062911179,25.718173828907311,2144304,11034118,1392.87976,0.161418244,0.0225451775,-2.31124711,136263.91123909663,-0.523286819,-1.96234155,0.0961310863,2040
4438,65627,428021239,59.35289922040058,18.073051539425961,25.731046711094677,2144304,11034118,1392.86694,0.157143548,0.0304769259,-2.41131043,136263.96123909901,-0.504029632,-1.95181644,0.0401859432,2040
4452,65627,428021239,59.352898849575702,18.073053189135354,25.748548834584653,2144304,11034118,1392.84937,0.150077611,0.0405513346,-2.5176537,136264.01118416499,-0.504989862,-1.90691125,0.00156902522,2040
4465,65627,428021239,59.352898606428646,18.073054750712341,25.770151749253273,2144304,11034118,1392.82776,0.136757836,0.0511877201,-2.61380744,136264.06118416737,-0.534573317,-1.86184061,-0.0682859644,2040
4479,65627,428021239,59.35289919088877,18.073056718472756,25.793613143265247,2144304,11034118,1392.80432,0.129146084,0.0646278486,-2.71886063,136264.11115975093,-0.619571447,-1.81954968,-0.0806783587,2040
4492,65627,428021239,59.352899172236512,18.07305834417987,25.806692005135119,2144304,11034118,1392.79126,0.121627294,0.0748076439,-2.81230021,136264.1611597533,-0.677659392,-1.84311092,-0.0495604873,2040
4506,65627,428021239,59.352899262906597,18.073060135723978,25.819716027006507,2144304,11034118,1392.7782,0.115319103,0.0827438161,-2.91397238,136264.21113533687,-0.734753191,-1.85948741,-0.00634121895,2040
4519,65627,428021239,59.352899443443071,18.073061795025932,25.829420103691518,2144304,11034118,1392.76855,0.11001689,0.0862987787,-3.00770044,136264.26116463469,-0.762320459,-1.87822366,0.0532630682,2040
4533,65627,428021239,59.352900414949339,18.073062476594419,25.838776704855263,2144304.25,11034118,1392.75916,0.106672823,0.0874489695,-3.11274695,136264.31120247554,-0.810904026,-1.85675061,0.0842961967,2040
4546,65627,428021239,59.352900786466904,18.073064036115944,25.83939100522548,2144304.25,11034118,1392.75854,0.103961751,0.0849236026,3.07803607,136264.36120247791,-0.842435122,-1.87278879,0.123280883,2040
4560,65627,428021239,59.352901287636293,18.073065671113749,25.839158109389246,2144304.25,11034118,1392.75879,0.100070089,0.0798734352,2.97821832,136264.41117806148,-0.880039811,-1.92616904,0.143393517,2040
4573,65627,428021239,59.35290184077143,18.073067132740672,25.839620540849864,2144304.25,11034120,1392.7583,0.0970372185,0.0744477585,2.88504887,136264.46117806385,-0.905774057,-1.98929369,0.158979356,2040
4587,65627,428021239,59.352902803219131,18.073067056168497,25.845951871015131,2144304.25,11034118,1392.75195,0.0995775983,0.0686888471,2.77879715,136264.51115364741,-0.947505713,-2.0197978,0.184405565,2040
4600,65627,428021239,59.352903530032428,18.073068318946063,25.849500338546932,2144304.25,11034120,1392.74841,0.105573513,0.0627712011,2.68374753,136264.56115364979,-0.950642467,-2.05364275,0.211335897,2040
4614,65627,428021239,59.352904388084262,18.073069550067999,25.855222661979496,2144304.5,11034120,1392.74268,0.108637691,0.0560248159,2.58234835,136264.61112923335,-0.943476677,-2.07447863,0.230035663,2040
4627,65627,428021239,59.352905230963238,18.073070553480655,25.854665921069682,2144304.5,11034120,1392.74329,0.103363663,0.049408067,2.49040437,136264.66115145115,-0.917549968,-2.0931797,0.229590774,2040
4641,65627,428021239,59.352906443990101,18.073069788661766,25.858758267015219,2144304.75,11034120,1392.73914,0.100473613,0.0411423855,2.38540745,136264.71119637202,-0.917513609,-2.12591124,0.292482853,2040
4654,65627,428021239,59.352907369908642,18.073070504435332,25.859162264503539,2144305,11034120,1392.73877,0.0995111018,0.0318891853,2.29347467,136264.7611963744,-0.851096511,-2.10977912,0.285544693,2040
4668,65627,428021239,59.352908385999882,18.073071135149707,25.865067556500435,2144305,11034120,1392.73291,0.11261303,0.0222221613,2.19511604,136264.81117195796,-0.782662868,-2.14181185,0.349864841,2040
4681,65627,428021239,59.352909351245728,18.073071616312301,25.862053078599274,2144305,11034120,1392.73584,0.113790244,0.0139367236,2.1043129,136264.86117196034,-0.709474325,-2.17337561,0.2986812,2040
4695,65627,428021239,59.352910252684858,18.073070329187512,25.870066267438233,2144305,11034120,1392.72791,0.112402715,0.00927118305,2.00191617,136264.9111475439,-0.643127084,-2.17028236,0.211442471,2040
4708,65627,428021239,59.352911233868902,18.073070559785641,25.871628570370376,2144305.25,11034120,1392.72632,0.104357108,0.00660193246,1.90933716,136264.96114754627,-0.560516596,-2.23922348,0.187013984,2040
4722,65627,428021239,59.352912326252344,18.073070692813431,25.877589493989944,2144305.5,11034120,1392.72034,0.105227701,0.00612511905,1.80466247,136265.01118416499,-0.481822133,-2.33132267,0.153963327,2040
4735,65627,428021239,59.352913367140083,18.073070682301026,25.885039081797004,2144305.5,11034120,1392.71289,0.110066324,0.00806670915,1.70309663,136265.06121346282,-0.417589307,-2.40869808,0.146795869,2040
4749,65627,428021239,59.352914051767286,18.073068428647854,25.901693809777498,2144305.75,11034120,1392.69629,0.122194752,0.0128769698,1.58215618,136265.11125130366,-0.397058606,-2.44163752,0.173650384,2040
4762,65627,428021239,59.352915103471936,18.073068030566819,25.906321885995567,2144305.75,11034120,1392.69165,0.131269544,0.0173701961,1.47270036,136265.16125130604,-0.332524776,-2.46176863,0.189594507,2040
4776,65627,428021239,59.352916214672966,18.073067401533788,25.915270679630339,2144305.75,11034120,1392.68262,0.136658192,0.0227128826,1.35178006,136265.2112268896,-0.271659017,-2.45577049,0.204715848,2040
4789,65627,428021239,59.352917205715279,18.073066632658993,25.919298971071839,2144305.75,11034118,1392.67859,0.136568218,0.0263752788,1.23799932,136265.26122689198,-0.225032091,-2.44836593,0.237050951,2040
4803,65627,428021239,59.352917979493306,18.073063819815111,25.925562705844641,2144306,11034118,1392.67236,0.130545601,0.0304121953,1.10836196,136265.31120247554,-0.219596863,-2.42876267,0.222920179,2040
4816,65627,428021239,59.352918840985282,18.073062658862394,25.927633373066783,2144306,11034118,1392.67029,0.120960176,0.0326166414,0.990776539,136265.36120247791,-0.176869988,-2.38675475,0.173101366,2040
4830,65627,428021239,59.352919669458835,18.073061250877171,25.931761568412185,2144306.25,11034118,1392.66614,0.110010877,0.0358259901,0.864135385,136265.41126961421,-0.164547145,-2.2867825,0.0989370942,2040
4843,65627,428021239,59.352920306176443,18.073059847473516,25.93933452386409,2144306.25,11034118,1392.65857,0.106212787,0.0394674912,0.750303924,136265.46126961659,-0.188961804,-2.16026497,0.0434634089,2040
4857,65627,428021239,59.352920128089742,18.073056769413686,25.950355006381869,2144306.25,11034118,1392.64758,0.106698833,0.0454704091,0.62644887,136265.51124520015,-0.30633387,-2.056072,0.00866740942,2040
4870,65627,428021239,59.352920469734357,18.073055184871546,25.957945115864277,2144306.25,11034118,1392.64001,0.110439807,0.0492202044,0.518009067,136265.56124520252,-0.379019856,-1.98798943,0.0257570148,2040
4884,65627,428021239,59.352920694154662,18.073053419487167,25.971080821938813,2144306.5,11034118,1392.62683,0.114138886,0.0515861288,0.401848406,136265.61122078609,-0.445276201,-1.9213444,0.0403440595,2040
4897,65627,428021239,59.352920776196413,18.073051787956683,25.978794588707387,2144306.5,11034118,1392.61914,0.118156686,0.0521925613,0.295884043,136265.66122078846,-0.502873361,-1.8637867,0.0765767545,2040
4912,65627,428021239,59.352919342166594,18.073049457909764,25.989096571691334,2144306.25,11034118,1392.60889,0.125808865,0.0522202738,0.175668135,136265.71119637202,-0.655319691,-1.83258915,0.130134076,2040
4925,65627,428021239,59.35291914425342,18.073047843347695,25.991752432659268,2144306.25,11034118,1392.6062,0.150138259,0.0481726713,0.0693413988,136265.7611963744,-0.715946913,-1.85268354,0.287280619,2040
4939,65627,428021239,59.35291880033396,18.073046067703086,25.9897835040465,2144306,11034118,1392.60815,0.153307334,0.0406581573,-0.049215313,136265.8112635107,-0.797987342,-1.9535917,0.291570991,2040
4952,65627,428021239,59.352918353424364,18.073044488074565,25.990857765078545,2144306,11034118,1392.60706,0.145080522,0.0330443569,-0.161603197,136265.86126351307,-0.868976235,-1.95624065,0.239863276,2040
4966,65627,428021239,59.352917001843515,18.073043442049997,25.995350661687553,2144305.75,11034118,1392.60254,0.131027654,0.024087118,-0.287359387,136265.91123909663,-0.959997773,-1.9558624,0.255506694,2040
4979,65627,428021239,59.352916325988737,18.073042151298957,25.994225343689322,2144305.75,11034118,1392.60376,0.132797673,0.0153293544,-0.398110121,136265.96123909901,-0.971493125,-1.95598292,0.265276134,2040
4993,65627,428021239,59.35291551067445,18.073040930230029,25.993907221592963,2144305.75,11034118,1392.604,0.139801919,0.00625386881,-0.516841948,136266.01118416499,-0.979653478,-1.94211042,0.261350155,2040
5006,65627,428021239,59.352914705127048,18.073039996679842,25.990808837115765,2144305.75,11034118,1392.60718,0.147898361,-0.0013299759,-0.623297334,136266.06118416737,-0.982557535,-1.91124928,0.274075031,2040
5020,65627,428021239,59.352913335047511,18.073040360637307,25.993258052505553,2144305.5,11034118,1392.60474,0.156069443,-0.00747369044,-0.740256965,136266.11115975093,-1.02615333,-1.88961554,0.274647832,2040
5033,65627,428021239,59.352912438972282,18.073039831528657,25.988859261386096,2144305.5,11034118,1392.60913,0.171503976,-0.0139462883,-0.843188524,136266.1611597533,-1.00639892,-1.90797281,0.339572906,2040
5047,65627,428021239,59.352911445419885,18.073039427253022,25.984889135695994,2144305.25,11034116,1392.61304,0.181865588,-0.0206286609,-0.954226255,136266.2112268896,-0.951412082,-1.9035809,0.32989347,2040
5060,65627,428021239,59.352910530872265,18.073039210769611,25.98039442487061,2144305.25,11034116,1392.61755,0.186735407,-0.0259049665,-1.05676603,136266.26122689198,-0.900726676,-1.91390073,0.309120178,2040
5074,65627,428021239,59.352909414394951,18.07304027764545,25.983147808350623,2144305,11034118,1392.61475,0.182935476,-0.0286503639,-1.17218304,136266.31120247554,-0.874023676,-1.92183685,0.230084896,2040
5087,65627,428021239,59.352908503711475,18.07304038935829,25.987832454964519,2144305,11034118,1392.61011,0.181274772,-0.0287033021,-1.27646327,136266.36120247791,-0.826920033,-1.96787691,0.202250957,2040
5101,65627,428021239,59.352907494698975,18.07304067003626,25.992809506133199,2144305,11034118,1392.6051,0.180917814,-0.0262355432,-1.39327157,136266.41117806148,-0.796291828,-2.09936047,0.186775446,2040
5114,65627,428021239,59.352906533174156,18.07304109564155,26.000490752980113,2144304.75,11034118,1392.59741,0.182468697,-0.0213379525,-1.50586045,136266.46117806385,-0.754729271,-2.20830011,0.193351328,2040
5128,65627,428021239,59.352905934773084,18.073042686494055,26.010850809514523,2144304.75,11034118,1392.58704,0.183969572,-0.0133887734,-1.63549566,136266.51124520015,-0.716367006,-2.25971818,0.160719395,2040
5141,65627,428021239,59.352905001733376,18.073043490293831,26.021946378052235,2144304.5,11034118,1392.57605,0.189439997,-0.00443592714,-1.75379348,136266.56124520252,-0.649777532,-2.29607558,0.154942453,2040
5155,65627,428021239,59.352904035877486,18.073044552586655,26.033040340058506,2144304.5,11034118,1392.56494,0.198355287,0.00650175754,-1.8832339,136266.61122078609,-0.591938138,-2.3063693,0.16640228,2040
5168,65627,428021239,59.35290320881866,18.073045701230409,26.042943269014359,2144304.25,11034118,1392.55505,0.205639064,0.0174021218,-2.00290799,136266.66122078846,-0.545636773,-2.28347015,0.165459573,2040
5182,65627,428021239,59.352902792861201,18.073048711327708,26.059441735036671,2144304.25,11034118,1392.53845,0.206315085,0.0302541107,-2.13636255,136266.71119637202,-0.567780077,-2.25526977,0.173538506,2040
5195,65627,428021239,59.352902163286963,18.073050191841258,26.064170655794442,2144304.25,11034118,1392.53381,0.198616803,0.0405728742,-2.25383377,136266.7611963744,-0.555719137,-2.1876092,0.133629471,2040
5209,65627,428021239,59.352901614112355,18.073051888231792,26.070321968756616,2144304.25,11034118,1392.52759,0.18991524,0.0513344817,-2.37728715,136266.81117195796,-0.565783322,-2.09821486,0.122010976,2040
5222,65627,428021239,59.352901236699466,18.073053527743703,26.080055840313435,2144304.25,11034118,1392.51794,0.184002951,0.0605518557,-2.48805857,136266.86117196034,-0.611394882,-2.02384448,0.114399433,2040
5236,65627,428021239,59.352901272102336,18.073055667675767,26.093215479515493,2144304.25,11034118,1392.50476,0.179361582,0.0690827146,-2.6052711,136266.9111475439,-0.68039906,-1.95545387,0.121250182,2040
5249,65627,428021239,59.352901159964631,18.073057367475023,26.102007822133601,2144304.25,11034118,1392.49597,0.17656377,0.0746857151,-2.7063489,136266.96114754627,-0.715042353,-1.87339818,0.125788867,2040
5263,65627,428021239,59.352901164820004,18.073059183442968,26.103232241235673,2144304.25,11034118,1392.49475,0.174408332,0.0775947571,-2.81006527,136267.01118416499,-0.766915381,-1.80961227,0.159838423,2040
5276,65627,428021239,59.352901274793886,18.073060830672564,26.106692455708981,2144304.25,11034118,1392.49121,0.174383312,0.0776495039,-2.90243196,136267.06118416737,-0.804427803,-1.79983771,0.191935062,2040
5290,65627,428021239,59.352902184023975,18.073062122962504,26.112461728975177,2144304.25,11034118,1392.48547,0.175313294,0.0763544738,-3.00525045,136267.11115975093,-0.877195656,-1.83637309,0.237611175,2040
5303,65627,428021239,59.352902494107298,18.073063784776863,26.112761164084077,2144304.25,11034118,1392.48523,0.174124524,0.0729004815,-3.09998512,136267.1611597533,-0.899559617,-1.92959869,0.285123169,2040
5317,65627,428021239,59.352902927543454,18.07306559810959,26.106788706034422,2144304.25,11034118,1392.49121,0.170444384,0.0679572895,3.07776189,136267.21113533687,-0.911006987,-2.00226784,0.318105042,2040
5330,65627,428021239,59.352903414083855,18.073067226525769,26.102214514277875,2144304.25,11034120,1392.49573,0.172791332,0.0622573048,2.98012114,136267.26115755466,-0.902230263,-2.02433348,0.376179576,2040
5344,65627,428021239,59.352904637242453,18.073067784873736,26.098749501630664,2144304.5,11034120,1392.49915,0.177423283,0.056137681,2.87303925,136267.3111109228,-0.926628888,-1.99450755,0.392199188,2040
5357,65627,428021239,59.352905278176017,18.073069162677207,26.084499646909535,2144304.75,11034120,1392.51343,0.181700081,0.0493202768,2.78164577,136267.36111092518,-0.902238727,-1.93925095,0.4062213,2040
5371,65627,428021239,59.352906008692088,18.073070491398955,26.075389339588583,2144304.75,11034120,1392.52258,0.186213508,0.0417236909,2.6876266,136267.41117806148,-0.820031643,-1.88892841,0.411707342,2040
5384,65627,428021239,59.352906691699765,18.073071600339542,26.071411539800465,2144304.75,11034120,1392.52649,0.169181198,0.0371908322,2.60392618,136267.46111580657,-0.728304207,-1.87152648,0.278961718,2040
5398,65627,428021239,59.352907841911787,18.073071406163166,26.067055027000606,2144305,11034120,1392.53088,0.161612585,0.033506956,2.5097599,136267.51115364741,-0.703561425,-1.88864326,0.303992987,2040
5411,65627,428021239,59.352908593642844,18.073072338173002,26.060452346689999,2144305,11034120,1392.53748,0.157837972,0.0288861748,2.42318296,136267.56115364979,-0.63961637,-1.95068359,0.302665412,2040
5425,65627,428021239,59.352909436435624,18.07307327181206,26.056475044228137,2144305,11034120,1392.5415,0.158334896,0.0258760843,2.32885599,136267.61112923335,-0.552048087,-1.98531508,0.261148512,2040
5438,65627,428021239,59.352910243204619,18.0730740650435,26.055655667558312,2144305,11034120,1392.54224,0.15313977,0.0251440145,2.24091578,136267.66115145115,-0.480890632,-2.04593015,0.224972367,2040
5453,65627,428021239,59.352911207840819,18.073073772508113,26.055406871251762,2144305.25,11034120,1392.54248,0.150817171,0.0260946695,2.1416049,136267.71110481929,-0.438026786,-2.08306336,0.227808833,2040
5466,65627,428021239,59.352912077956219,18.073074362880799,26.054632460698485,2144305.25,11034120,1392.54333,0.149829984,0.0274600834,2.05071855,136267.76110482166,-0.375638127,-2.08354664,0.203701615,2040
5480,65627,428021239,59.352913028521563,18.073074878006373,26.053668425418437,2144305.5,11034120,1392.54431,0.149330363,0.0300438534,1.95287859,136267.81117195796,-0.302927852,-2.06351876,0.17056036,2040
5493,65627,428021239,59.352913903603167,18.073075241570809,26.051710811443627,2144305.75,11034120,1392.54626,0.147807062,0.0329324789,1.8639009,136267.86117196034,-0.233626127,-2.03589225,0.171311498,2040
5507,65619,428021239,59.352914620354539,18.073074117169273,26.052561683580279,2144305.75,11034120,1392.54541,0.147346646,0.0364897475,1.76631904,136267.9111475439,-0.194825292,-1.96978796,0.18173635,2040
5520,65619,428021239,59.352915462785944,18.073074231368686,26.051004650071263,2144305.75,11034120,1392.547,0.145516172,0.0383613296,1.67986786,136267.96114754627,-0.133970618,-1.91260576,0.189360976,2040
5534,65627,428021239,59.352916342919734,18.073074245780447,26.050090426579118,2144305.75,11034120,1392.54785,0.145898566,0.0390421189,1.58814204,136268.01118416499,-0.073979497,-1.82807469,0.226435065,2040
5547,65627,428021239,59.352917118989161,18.073074177410994,26.043600890785456,2144305.75,11034120,1392.55432,0.14659138,0.0383964889,1.50556731,136268.06120638279,-0.017847538,-1.73849225,0.218735814,2040
5561,65627,428021239,59.352917654677377,18.073072883178419,26.044415812939405,2144306,11034120,1392.55347,0.14802973,0.037188489,1.41713846,136268.11115975093,-0.00505924225,-1.62487602,0.196450531,2040
5574,65627,428021239,59.352918320698954,18.073072644840622,26.044889379292727,2144306,11034120,1392.5531,0.149997711,0.0353639126,1.34141707,136268.1611597533,0.0400782824,-1.4972924,0.170935154,2040
5588,65627,428021239,59.352918977145976,18.073072354001162,26.042030720040202,2144306.25,11034120,1392.55591,0.146661028,0.0332642756,1.26495588,136268.2112268896,0.0796086788,-1.35583925,0.127121568,2040
5601,65627,428021239,59.352919516094943,18.073072069332238,26.036563757807016,2144306.25,11034120,1392.5614,0.142091483,0.0318195224,1.19961619,136268.26122689198,0.0950905681,-1.2149086,0.0907868147,2040
5615,65627,428021239,59.352919883508704,18.073070148395711,26.036799859255552,2144306.25,11034120,1392.56116,0.139760986,0.0313167535,1.13344502,136268.31120247554,0.0487111807,-1.06793809,0.0843366683,2040
5628,65627,428021239,59.352920282840813,18.073069809502272,26.027199885807931,2144306.25,11034120,1392.5708,0.139021605,0.0303464327,1.07899201,136268.36120247791,0.038135469,-0.941999555,0.0642541051,2040
5642,65627,428021239,59.352920646447465,18.073069438212329,26.022119684144855,2144306.5,11034120,1392.57581,0.137378618,0.0295285899,1.02572489,136268.41117806148,0.0168296099,-0.809975684,0.0447115898,2040
5655,65627,428021239,59.352920923858242,18.073069109528944,26.016846573911607,2144306.5,11034120,1392.58105,0.133211926,0.0282417387,0.982322335,136268.46120027927,0.000966012478,-0.69438231,0.0624599457,2040
5669,65627,428021239,59.352921132804042,18.073067802867872,26.010737576521933,2144306.5,11034120,1392.58716,0.130332068,0.0251929946,0.940446973,136268.51124520015,-0.0460084975,-0.59289211,0.0968734846,2040
5682,65619,428021239,59.352921305580161,18.073067489294765,26.005821832455695,2144306.5,11034120,1392.59216,0.127520531,0.0197078008,0.90724194,136268.56124520252,-0.0692038238,-0.47525084,0.117341593,2040
5696,65627,428021239,59.352921441559886,18.073067195794447,25.995001632720232,2144306.5,11034120,1392.60291,0.120438688,0.0117612351,0.877947032,136268.61122078609,-0.0795577317,-0.354744881,0.125522375,2040
5709,65627,428021239,59.35292152293195,18.073066976061483,25.989202100783587,2144306.5,11034118,1392.60876,0.11169903,0.00385666708,0.856298745,136268.66122078846,-0.0770866424,-0.251032412,0.097369045,2040
5723,65627,428021239,59.352921514757227,18.073066319367882,25.985999889671803,2144306.5,11034118,1392.61194,0.0993572623,-0.00427044788,0.837953508,136268.71119637202,-0.0750620589,-0.181788564,0.0663121715,2040
5736,65627,428021239,59.352921550583616,18.07306619000456,25.980094437487423,2144306.5,11034118,1392.6178,0.0923136324,-0.0114615615,0.824274778,136268.7611963744,-0.0467281453,-0.141451567,0.0337735116,2040
5750,65627,428021239,59.352921584843799,18.073066088838608,25.979574538767338,2144306.5,11034118,1392.61841,0.0940189734,-0.0180895738,0.811847806,136268.81117195796,-0.0148634873,-0.118032336,-0.0063672401,2040
5763,65627,428021239,59.35292162226245,18.073066020131947,25.978264663368464,2144306.5,11034118,1392.61963,0.106507868,-0.0227960646,0.80205977,136268.86119417576,0.00837511569,-0.129306078,-0.0321279764,2040
5777,65627,428021239,59.352921325782752,18.073065432388308,25.981070539914072,2144306.5,11034118,1392.61682,0.127439901,-0.0249267239,0.792204261,136268.91123909663,0.0146412365,-0.148741052,-0.0643939674,2040
5790,65627,428021239,59.352921379573814,18.073065363517177,25.98017253074795,2144306.5,11034118,1392.6178,0.144796222,-0.0252769757,0.783925056,136268.96123909901,0.0329232998,-0.15436855,-0.0677725077,2040
5804,65627,428021239,59.352921437057631,18.073065311769319,25.98207226395607,2144306.5,11034118,1392.61584,0.146006674,-0.0234595388,0.776128709,136269.01118416499,0.0496504605,-0.12196476,-0.129717797,2040
5817,65627,428021239,59.352921484002444,18.073065296421479,25.985561338253319,2144306.5,11034118,1392.61243,0.150023162,-0.0193267651,0.77006042,136269.06118416737,0.0649265945,-0.106918164,-0.157083809,2040
5831,65627,428021239,59.352921465793564,18.073064989025255,25.992964874021709,2144306.5,11034118,1392.60498,0.152870446,-0.013391437,0.7643677,136269.11125130366,0.0742478147,-0.087449424,-0.161056399,2040
5844,65627,428021239,59.35292151007706,18.073065008583146,25.99573575053364,2144306.5,11034118,1392.60217,0.158149496,-0.00644087186,0.759835184,136269.16125130604,0.0917672291,-0.0801431164,-0.192019165,2040
5858,65627,419632631,59.352921558082386,18.073065042580943,26.006546869874001,2144306.5,11034118,1392.59143,0.161340341,0.00318486732,0.755265474,136269.21113533687,0.105825081,-0.0741239786,-0.233589828,2040
5871,65627,419632631,59.352921602758386,18.073065087233015,26.015766038559377,2144306.5,11034118,1392.58215,0.163054764,0.01326029,0.75160259,136269.26115755466,0.115088753,-0.0685353652,-0.24329558,2040
5885,65627,419632631,59.352921604719022,18.073064937074207,26.025419965386391,2144306.5,11034118,1392.57251,0.165182009,0.0242268052,0.748664498,136269.31120247554,0.111777239,-0.0463869497,-0.237001628,2040
5898,65619,419632631,59.352921637603146,18.073065003296509,26.030774204991758,2144306.5,11034118,1392.56714,0.168824449,0.0333170108,0.74719435,136269.36120247791,0.10851039,-0.0180765763,-0.22947742,2040
5912,65627,419632631,59.352921663872159,18.073065087291219,26.035417651757598,2144306.5,11034118,1392.5625,0.17513223,0.0415044501,0.746877253,136269.41117806148,0.104076326,0.00106808543,-0.203785345,2040
5925,65627,419632631,59.352921682687409,18.073065169974033,26.042176690883934,2144306.5,11034118,1392.55579,0.181069285,0.0472902581,0.747216165,136269.46111580657,0.107617229,0.0161161721,-0.18516551,2040
5939,65619,419632631,59.352921658328455,18.073065025741936,26.044211545959115,2144306.5,11034118,1392.55371,0.186750129,0.0516385511,0.747843087,136269.51115364741,0.115354694,0.0327450633,-0.155664995,2040
5952,65619,419632631,59.352921678343911,18.073065134138353,26.046404551714659,2144306.5,11034118,1392.55151,0.191879198,0.0533434637,0.748119175,136269.56115364979,0.133309752,0.0438143536,-0.108005933,2040
5966,65619,419632631,59.352921707370484,18.073065268485838,26.042472775094211,2144306.5,11034118,1392.55542,0.195538014,0.0529660881,0.747931123,136269.61112923335,0.151400134,0.0579145998,-0.0699710175,2040
5979,65627,419632631,59.352921737428268,18.073065403904153,26.037187055684626,2144306.5,11034118,1392.56079,0.196786001,0.0506429784,0.747278452,136269.66115145115,0.157265767,0.069330819,-0.0275454819,2040
5994,65627,419632631,59.352921661213919,18.07306510995987,26.029685032553971,2144306.5,11034118,1392.56824,0.195992261,0.0465841554,0.746623337,136269.71119637202,0.152648762,0.07682354,0.00103493407,2040
6007,65627,419632631,59.352921689565939,18.07306524719143,26.024026812054217,2144306.5,11034118,1392.57397,0.192798376,0.0413058512,0.745988607,136269.7611963744,0.155173689,0.0857186466,0.0187434908,2040
6021,65627,419632631,59.35292171935717,18.073065410647388,26.012685464695096,2144306.5,11034118,1392.58521,0.190204322,0.0352809466,0.745886385,136269.81117195796,0.160961077,0.100498497,0.0295939073,2040
6034,65627,419632631,59.352921744760756,18.073065568464362,26.003407023847103,2144306.5,11034118,1392.59448,0.184943393,0.0295510776,0.746214092,136269.86117196034,0.165889263,0.11243397,0.0224519707,2040
