time,deltat,.header.frame_id,.sat,.iode,.iodc,.sva,.svh,.week,.code,.flag,.toe.time,.toe.sec,.toc.time,.toc.sec,.ttr.time,.ttr.sec,.A,.e,.i0,.OMG0,.omg,.M0,.deln,.OMGd,.idot,.crc,.crs,.cuc,.cus,.cic,.cis,.toes,.fit,.f0,.f1,.f2,.tgd,.Adot,.ndot
2019/05/21/16:44:30.084650,5.45356082916,,26,77,77,0,0,2054,1,0,1558454400,0.0,1558454400,0.0,1558449876,0.0,26559700.5207,0.00373671762645,0.951456224062,1.30355098604,0.172528197692,2.84601853767,4.84127308703e-09,-8.21819946385e-09,2.22509268404e-10,281.5625,109.875,5.74626028538e-06,4.86336648464e-06,-9.31322574615e-08,-2.60770320892e-08,230400.0,4.0,0.00020705582574,9.66338120634e-12,0.0,"(7.450580596923828e-09; 0.0; 0.0; 0.0)",0.0,0.0
2019/05/21/16:44:30.091130,5.46004033089,,20,22,22,0,0,2054,1,0,1558454400,0.0,1558454400,0.0,1558449876,0.0,26560469.9387,0.00440211978275,0.930365851986,-1.93345165008,2.36395429484,-1.49301217816,5.08235455761e-09,-8.19391273793e-09,5.82524264474e-10,197.96875,2.21875,1.58324837685e-07,8.7209045887e-06,-4.842877388e-08,2.04890966415e-08,230400.0,4.0,0.000524869654328,2.27373675443e-13,0.0,"(-8.847564458847046e-09; 0.0; 0.0; 0.0)",0.0,0.0
2019/05/21/16:44:30.091169,5.46007990837,,29,67,67,1,0,2054,1,0,1558454400,0.0,1558454400,0.0,1558449876,0.0,26561188.5467,0.00107980973553,0.985602581161,2.44139140859,1.67986859197,1.63388156026,4.11624288661e-09,-8.11069498586e-09,-3.21084803042e-10,351.125,-70.59375,-3.90224158764e-06,2.03028321266e-06,-4.28408384323e-08,3.72529029846e-08,230400.0,4.0,0.000196122098714,-9.43600753089e-12,0.0,"(-9.778887033462524e-09; 0.0; 0.0; 0.0)",0.0,0.0
2019/05/21/16:44:30.105154,5.47406458855,,7,70,70,0,0,2054,1,0,1558454400,0.0,1558454400,0.0,1558449726,0.0,26561162.5759,0.0127131858608,0.955984612368,0.296373779123,-2.46562218448,-1.70858461325,4.44232789793e-09,-7.70282085341e-09,-9.75040614355e-11,182.28125,63.5,3.05660068989e-06,9.89437103271e-06,1.89989805222e-07,-8.38190317154e-08,230400.0,4.0,-2.86707654595e-05,-7.50333128963e-12,0.0,"(-1.1175870895385742e-08; 0.0; 0.0; 0.0)",0.0,0.0
2019/05/21/16:44:39.116442,14.485352993,,83,117,117,107,0,2054,1,0,1558447800,0.0,1558447800,0.0,1558449889,0.0,29600261.0669,0.000497484463267,0.985571621425,0.987314242127,1.008722183,1.74698289639,2.73832834808e-09,-5.35343727787e-09,1.69292766009e-10,187.9375,170.03125,7.98143446445e-06,7.71135091782e-06,-2.04890966415e-08,-1.30385160446e-08,223800.0,0.0,0.00606986362254,-1.97957206183e-11,0.0,"(4.540197551250457e-08; 5.098991096019744e-08; 0.0; 0.0)",0.0,0.0
2019/05/21/16:44:40.046509,15.415419817,,77,119,119,107,390,2054,1,0,1558449000,0.0,1558449000,0.0,1558449889,0.0,27977344.3289,0.166875747498,0.882523513927,2.45690238081,1.51000312315,0.431498981207,4.29803617332e-09,-6.4452684713e-09,1.21433629627e-09,280.375,-74.65625,-6.14859163761e-06,4.00096178055e-06,-8.04662704468e-07,-6.46524131298e-06,225000.0,0.0,-0.000672581605613,-1.39834810398e-11,0.0,"(-3.2596290111541744e-09; -3.958120942115783e-09; 0.0; 0.0)",0.0,0.0
2019/05/21/16:44:41.109217,16.478127718,,83,117,117,107,0,2054,1,0,1558447800,0.0,1558447800,0.0,1558449897,0.0,29600261.0669,0.000497484463267,0.985571621425,0.987314242127,1.008722183,1.74698289639,2.73832834808e-09,-5.35343727787e-09,1.69292766009e-10,187.9375,170.03125,7.98143446445e-06,7.71135091782e-06,-2.04890966415e-08,-1.30385160446e-08,223800.0,0.0,0.00606986362254,-1.97957206183e-11,0.0,"(4.540197551250457e-08; 5.098991096019744e-08; 0.0; 0.0)",0.0,0.0
2019/05/21/16:44:42.044481,17.4133918285,,77,119,119,107,390,2054,1,0,1558449000,0.0,1558449000,0.0,1558449897,0.0,27977344.3289,0.166875747498,0.882523513927,2.45690238081,1.51000312315,0.431498981207,4.29803617332e-09,-6.4452684713e-09,1.21433629627e-09,280.375,-74.65625,-6.14859163761e-06,4.00096178055e-06,-8.04662704468e-07,-6.46524131298e-06,225000.0,0.0,-0.000672581605613,-1.39834810398e-11,0.0,"(-3.2596290111541744e-09; -3.958120942115783e-09; 0.0; 0.0)",0.0,0.0
2019/05/21/16:44:43.114622,18.4835329056,,83,117,117,107,0,2054,1,0,1558447800,0.0,1558447800,0.0,1558449899,0.0,29600261.0669,0.000497484463267,0.985571621425,0.987314242127,1.008722183,1.74698289639,2.73832834808e-09,-5.35343727787e-09,1.69292766009e-10,187.9375,170.03125,7.98143446445e-06,7.71135091782e-06,-2.04890966415e-08,-1.30385160446e-08,223800.0,0.0,0.00606986362254,-1.97957206183e-11,0.0,"(4.540197551250457e-08; 5.098991096019744e-08; 0.0; 0.0)",0.0,0.0
2019/05/21/16:44:44.034701,19.4036111832,,77,119,119,107,390,2054,1,0,1558449000,0.0,1558449000,0.0,1558449899,0.0,27977344.3289,0.166875747498,0.882523513927,2.45690238081,1.51000312315,0.431498981207,4.29803617332e-09,-6.4452684713e-09,1.21433629627e-09,280.375,-74.65625,-6.14859163761e-06,4.00096178055e-06,-8.04662704468e-07,-6.46524131298e-06,225000.0,0.0,-0.000672581605613,-1.39834810398e-11,0.0,"(-3.2596290111541744e-09; -3.958120942115783e-09; 0.0; 0.0)",0.0,0.0
2019/05/21/16:45:00.079654,35.4485647678,,26,77,77,0,0,2054,1,0,1558454400,0.0,1558454400,0.0,1558449906,0.0,26559700.5207,0.00373671762645,0.951456224062,1.30355098604,0.172528197692,2.84601853767,4.84127308703e-09,-8.21819946385e-09,2.22509268404e-10,281.5625,109.875,5.74626028538e-06,4.86336648464e-06,-9.31322574615e-08,-2.60770320892e-08,230400.0,4.0,0.00020705582574,9.66338120634e-12,0.0,"(7.450580596923828e-09; 0.0; 0.0; 0.0)",0.0,0.0
2019/05/21/16:45:00.088496,35.4574062824,,20,22,22,0,0,2054,1,0,1558454400,0.0,1558454400,0.0,1558449906,0.0,26560469.9387,0.00440211978275,0.930365851986,-1.93345165008,2.36395429484,-1.49301217816,5.08235455761e-09,-8.19391273793e-09,5.82524264474e-10,197.96875,2.21875,1.58324837685e-07,8.7209045887e-06,-4.842877388e-08,2.04890966415e-08,230400.0,4.0,0.000524869654328,2.27373675443e-13,0.0,"(-8.847564458847046e-09; 0.0; 0.0; 0.0)",0.0,0.0
2019/05/21/16:45:00.093462,35.4623727798,,29,67,67,1,0,2054,1,0,1558454400,0.0,1558454400,0.0,1558449906,0.0,26561188.5467,0.00107980973553,0.985602581161,2.44139140859,1.67986859197,1.63388156026,4.11624288661e-09,-8.11069498586e-09,-3.21084803042e-10,351.125,-70.59375,-3.90224158764e-06,2.03028321266e-06,-4.28408384323e-08,3.72529029846e-08,230400.0,4.0,0.000196122098714,-9.43600753089e-12,0.0,"(-9.778887033462524e-09; 0.0; 0.0; 0.0)",0.0,0.0
2019/05/21/16:45:00.098957,35.4678678513,,7,70,70,0,0,2054,1,0,1558454400,0.0,1558454400,0.0,1558449906,0.0,26561162.5759,0.0127131858608,0.955984612368,0.296373779123,-2.46562218448,-1.70858461325,4.44232789793e-09,-7.70282085341e-09,-9.75040614355e-11,182.28125,63.5,3.05660068989e-06,9.89437103271e-06,1.89989805222e-07,-8.38190317154e-08,230400.0,4.0,-2.86707654595e-05,-7.50333128963e-12,0.0,"(-1.1175870895385742e-08; 0.0; 0.0; 0.0)",0.0,0.0
2019/05/21/16:45:09.110224,44.479134798,,83,117,117,107,0,2054,1,0,1558447800,0.0,1558447800,0.0,1558449919,0.0,29600261.0669,0.000497484463267,0.985571621425,0.987314242127,1.008722183,1.74698289639,2.73832834808e-09,-5.35343727787e-09,1.69292766009e-10,187.9375,170.03125,7.98143446445e-06,7.71135091782e-06,-2.04890966415e-08,-1.30385160446e-08,223800.0,0.0,0.00606986362254,-1.97957206183e-11,0.0,"(4.540197551250457e-08; 5.098991096019744e-08; 0.0; 0.0)",0.0,0.0
2019/05/21/16:45:10.047293,45.4162032604,,77,119,119,107,390,2054,1,0,1558449000,0.0,1558449000,0.0,1558449919,0.0,27977344.3289,0.166875747498,0.882523513927,2.45690238081,1.51000312315,0.431498981207,4.29803617332e-09,-6.4452684713e-09,1.21433629627e-09,280.375,-74.65625,-6.14859163761e-06,4.00096178055e-06,-8.04662704468e-07,-6.46524131298e-06,225000.0,0.0,-0.000672581605613,-1.39834810398e-11,0.0,"(-3.2596290111541744e-09; -3.958120942115783e-09; 0.0; 0.0)",0.0,0.0
2019/05/21/16:45:11.117425,46.4863352776,,83,117,117,107,0,2054,1,0,1558447800,0.0,1558447800,0.0,1558449927,0.0,29600261.0669,0.000497484463267,0.985571621425,0.987314242127,1.008722183,1.74698289639,2.73832834808e-09,-5.35343727787e-09,1.69292766009e-10,187.9375,170.03125,7.98143446445e-06,7.71135091782e-06,-2.04890966415e-08,-1.30385160446e-08,223800.0,0.0,0.00606986362254,-1.97957206183e-11,0.0,"(4.540197551250457e-08; 5.098991096019744e-08; 0.0; 0.0)",0.0,0.0
2019/05/21/16:45:12.039371,47.4082818031,,77,119,119,107,390,2054,1,0,1558449000,0.0,1558449000,0.0,1558449927,0.0,27977344.3289,0.166875747498,0.882523513927,2.45690238081,1.51000312315,0.431498981207,4.29803617332e-09,-6.4452684713e-09,1.21433629627e-09,280.375,-74.65625,-6.14859163761e-06,4.00096178055e-06,-8.04662704468e-07,-6.46524131298e-06,225000.0,0.0,-0.000672581605613,-1.39834810398e-11,0.0,"(-3.2596290111541744e-09; -3.958120942115783e-09; 0.0; 0.0)",0.0,0.0
2019/05/21/16:45:13.108439,48.4773492813,,83,117,117,107,0,2054,1,0,1558447800,0.0,1558447800,0.0,1558449929,0.0,29600261.0669,0.000497484463267,0.985571621425,0.987314242127,1.008722183,1.74698289639,2.73832834808e-09,-5.35343727787e-09,1.69292766009e-10,187.9375,170.03125,7.98143446445e-06,7.71135091782e-06,-2.04890966415e-08,-1.30385160446e-08,223800.0,0.0,0.00606986362254,-1.97957206183e-11,0.0,"(4.540197551250457e-08; 5.098991096019744e-08; 0.0; 0.0)",0.0,0.0
2019/05/21/16:45:14.033468,49.4023787975,,77,119,119,107,390,2054,1,0,1558449000,0.0,1558449000,0.0,1558449929,0.0,27977344.3289,0.166875747498,0.882523513927,2.45690238081,1.51000312315,0.431498981207,4.29803617332e-09,-6.4452684713e-09,1.21433629627e-09,280.375,-74.65625,-6.14859163761e-06,4.00096178055e-06,-8.04662704468e-07,-6.46524131298e-06,225000.0,0.0,-0.000672581605613,-1.39834810398e-11,0.0,"(-3.2596290111541744e-09; -3.958120942115783e-09; 0.0; 0.0)",0.0,0.0
2019/05/21/16:45:30.082377,65.4512879848,,21,33,33,0,0,2054,1,0,1558454400,0.0,1558454400,0.0,1558449936,0.0,26561070.9996,0.0245950116077,0.948769263408,-2.91804275212,-1.44244817903,-2.95337021954,4.25124851014e-09,-7.47566853446e-09,-1.25005206969e-11,193.53125,-112.5625,-5.70900738239e-06,9.00588929653e-06,2.88709998131e-07,1.26659870148e-07,230400.0,4.0,-0.000188461039215,7.38964445191e-12,0.0,"(-1.0244548320770264e-08; 0.0; 0.0; 0.0)",0.0,0.0
2019/05/21/16:45:30.082417,65.4513278008,,26,77,77,0,0,2054,1,0,1558454400,0.0,1558454400,0.0,1558449936,0.0,26559700.5207,0.00373671762645,0.951456224062,1.30355098604,0.172528197692,2.84601853767,4.84127308703e-09,-8.21819946385e-09,2.22509268404e-10,281.5625,109.875,5.74626028538e-06,4.86336648464e-06,-9.31322574615e-08,-2.60770320892e-08,230400.0,4.0,0.00020705582574,9.66338120634e-12,0.0,"(7.450580596923828e-09; 0.0; 0.0; 0.0)",0.0,0.0
2019/05/21/16:45:30.087883,65.4567937851,,20,22,22,0,0,2054,1,0,1558454400,0.0,1558454400,0.0,1558449936,0.0,26560469.9387,0.00440211978275,0.930365851986,-1.93345165008,2.36395429484,-1.49301217816,5.08235455761e-09,-8.19391273793e-09,5.82524264474e-10,197.96875,2.21875,1.58324837685e-07,8.7209045887e-06,-4.842877388e-08,2.04890966415e-08,230400.0,4.0,0.000524869654328,2.27373675443e-13,0.0,"(-8.847564458847046e-09; 0.0; 0.0; 0.0)",0.0,0.0
2019/05/21/16:45:30.092945,65.4618554115,,29,67,67,1,0,2054,1,0,1558454400,0.0,1558454400,0.0,1558449936,0.0,26561188.5467,0.00107980973553,0.985602581161,2.44139140859,1.67986859197,1.63388156026,4.11624288661e-09,-8.11069498586e-09,-3.21084803042e-10,351.125,-70.59375,-3.90224158764e-06,2.03028321266e-06,-4.28408384323e-08,3.72529029846e-08,230400.0,4.0,0.000196122098714,-9.43600753089e-12,0.0,"(-9.778887033462524e-09; 0.0; 0.0; 0.0)",0.0,0.0
2019/05/21/16:45:30.098330,65.4672403336,,7,70,70,0,0,2054,1,0,1558454400,0.0,1558454400,0.0,1558449936,0.0,26561162.5759,0.0127131858608,0.955984612368,0.296373779123,-2.46562218448,-1.70858461325,4.44232789793e-09,-7.70282085341e-09,-9.75040614355e-11,182.28125,63.5,3.05660068989e-06,9.89437103271e-06,1.89989805222e-07,-8.38190317154e-08,230400.0,4.0,-2.86707654595e-05,-7.50333128963e-12,0.0,"(-1.1175870895385742e-08; 0.0; 0.0; 0.0)",0.0,0.0
2019/05/21/16:45:39.106677,74.475587368,,83,117,117,107,0,2054,1,0,1558447800,0.0,1558447800,0.0,1558449949,0.0,29600261.0669,0.000497484463267,0.985571621425,0.987314242127,1.008722183,1.74698289639,2.73832834808e-09,-5.35343727787e-09,1.69292766009e-10,187.9375,170.03125,7.98143446445e-06,7.71135091782e-06,-2.04890966415e-08,-1.30385160446e-08,223800.0,0.0,0.00606986362254,-1.97957206183e-11,0.0,"(4.540197551250457e-08; 5.098991096019744e-08; 0.0; 0.0)",0.0,0.0
2019/05/21/16:45:40.039388,75.4082989693,,77,119,119,107,390,2054,1,0,1558449000,0.0,1558449000,0.0,1558449949,0.0,27977344.3289,0.166875747498,0.882523513927,2.45690238081,1.51000312315,0.431498981207,4.29803617332e-09,-6.4452684713e-09,1.21433629627e-09,280.375,-74.65625,-6.14859163761e-06,4.00096178055e-06,-8.04662704468e-07,-6.46524131298e-06,225000.0,0.0,-0.000672581605613,-1.39834810398e-11,0.0,"(-3.2596290111541744e-09; -3.958120942115783e-09; 0.0; 0.0)",0.0,0.0
2019/05/21/16:45:41.104208,76.4731185436,,83,117,117,107,0,2054,1,0,1558447800,0.0,1558447800,0.0,1558449957,0.0,29600261.0669,0.000497484463267,0.985571621425,0.987314242127,1.008722183,1.74698289639,2.73832834808e-09,-5.35343727787e-09,1.69292766009e-10,187.9375,170.03125,7.98143446445e-06,7.71135091782e-06,-2.04890966415e-08,-1.30385160446e-08,223800.0,0.0,0.00606986362254,-1.97957206183e-11,0.0,"(4.540197551250457e-08; 5.098991096019744e-08; 0.0; 0.0)",0.0,0.0
2019/05/21/16:45:42.043145,77.4120554924,,77,119,119,107,390,2054,1,0,1558449000,0.0,1558449000,0.0,1558449957,0.0,27977344.3289,0.166875747498,0.882523513927,2.45690238081,1.51000312315,0.431498981207,4.29803617332e-09,-6.4452684713e-09,1.21433629627e-09,280.375,-74.65625,-6.14859163761e-06,4.00096178055e-06,-8.04662704468e-07,-6.46524131298e-06,225000.0,0.0,-0.000672581605613,-1.39834810398e-11,0.0,"(-3.2596290111541744e-09; -3.958120942115783e-09; 0.0; 0.0)",0.0,0.0
2019/05/21/16:45:43.100248,78.4691581726,,83,117,117,107,0,2054,1,0,1558447800,0.0,1558447800,0.0,1558449959,0.0,29600261.0669,0.000497484463267,0.985571621425,0.987314242127,1.008722183,1.74698289639,2.73832834808e-09,-5.35343727787e-09,1.69292766009e-10,187.9375,170.03125,7.98143446445e-06,7.71135091782e-06,-2.04890966415e-08,-1.30385160446e-08,223800.0,0.0,0.00606986362254,-1.97957206183e-11,0.0,"(4.540197551250457e-08; 5.098991096019744e-08; 0.0; 0.0)",0.0,0.0
2019/05/21/16:45:44.038202,79.4071125984,,77,119,119,107,390,2054,1,0,1558449000,0.0,1558449000,0.0,1558449959,0.0,27977344.3289,0.166875747498,0.882523513927,2.45690238081,1.51000312315,0.431498981207,4.29803617332e-09,-6.4452684713e-09,1.21433629627e-09,280.375,-74.65625,-6.14859163761e-06,4.00096178055e-06,-8.04662704468e-07,-6.46524131298e-06,225000.0,0.0,-0.000672581605613,-1.39834810398e-11,0.0,"(-3.2596290111541744e-09; -3.958120942115783e-09; 0.0; 0.0)",0.0,0.0
2019/05/21/16:46:00.077807,95.4467175007,,21,33,33,0,0,2054,1,0,1558454400,0.0,1558454400,0.0,1558449966,0.0,26561070.9996,0.0245950116077,0.948769263408,-2.91804275212,-1.44244817903,-2.95337021954,4.25124851014e-09,-7.47566853446e-09,-1.25005206969e-11,193.53125,-112.5625,-5.70900738239e-06,9.00588929653e-06,2.88709998131e-07,1.26659870148e-07,230400.0,4.0,-0.000188461039215,7.38964445191e-12,0.0,"(-1.0244548320770264e-08; 0.0; 0.0; 0.0)",0.0,0.0
2019/05/21/16:46:00.092033,95.4609436989,,20,22,22,0,0,2054,1,0,1558454400,0.0,1558454400,0.0,1558449966,0.0,26560469.9387,0.00440211978275,0.930365851986,-1.93345165008,2.36395429484,-1.49301217816,5.08235455761e-09,-8.19391273793e-09,5.82524264474e-10,197.96875,2.21875,1.58324837685e-07,8.7209045887e-06,-4.842877388e-08,2.04890966415e-08,230400.0,4.0,0.000524869654328,2.27373675443e-13,0.0,"(-8.847564458847046e-09; 0.0; 0.0; 0.0)",0.0,0.0
2019/05/21/16:46:00.092072,95.4609823227,,29,67,67,1,0,2054,1,0,1558454400,0.0,1558454400,0.0,1558449966,0.0,26561188.5467,0.00107980973553,0.985602581161,2.44139140859,1.67986859197,1.63388156026,4.11624288661e-09,-8.11069498586e-09,-3.21084803042e-10,351.125,-70.59375,-3.90224158764e-06,2.03028321266e-06,-4.28408384323e-08,3.72529029846e-08,230400.0,4.0,0.000196122098714,-9.43600753089e-12,0.0,"(-9.778887033462524e-09; 0.0; 0.0; 0.0)",0.0,0.0
2019/05/21/16:46:00.107323,95.4762334824,,7,70,70,0,0,2054,1,0,1558454400,0.0,1558454400,0.0,1558449966,0.0,26561162.5759,0.0127131858608,0.955984612368,0.296373779123,-2.46562218448,-1.70858461325,4.44232789793e-09,-7.70282085341e-09,-9.75040614355e-11,182.28125,63.5,3.05660068989e-06,9.89437103271e-06,1.89989805222e-07,-8.38190317154e-08,230400.0,4.0,-2.86707654595e-05,-7.50333128963e-12,0.0,"(-1.1175870895385742e-08; 0.0; 0.0; 0.0)",0.0,0.0
2019/05/21/16:46:09.098450,104.467360258,,83,117,117,107,0,2054,1,0,1558447800,0.0,1558447800,0.0,1558449979,0.0,29600261.0669,0.000497484463267,0.985571621425,0.987314242127,1.008722183,1.74698289639,2.73832834808e-09,-5.35343727787e-09,1.69292766009e-10,187.9375,170.03125,7.98143446445e-06,7.71135091782e-06,-2.04890966415e-08,-1.30385160446e-08,223800.0,0.0,0.00606986362254,-1.97957206183e-11,0.0,"(4.540197551250457e-08; 5.098991096019744e-08; 0.0; 0.0)",0.0,0.0
2019/05/21/16:46:10.038557,105.407467365,,77,119,119,107,390,2054,1,0,1558449000,0.0,1558449000,0.0,1558449979,0.0,27977344.3289,0.166875747498,0.882523513927,2.45690238081,1.51000312315,0.431498981207,4.29803617332e-09,-6.4452684713e-09,1.21433629627e-09,280.375,-74.65625,-6.14859163761e-06,4.00096178055e-06,-8.04662704468e-07,-6.46524131298e-06,225000.0,0.0,-0.000672581605613,-1.39834810398e-11,0.0,"(-3.2596290111541744e-09; -3.958120942115783e-09; 0.0; 0.0)",0.0,0.0
2019/05/21/16:46:11.103726,106.472636938,,83,117,117,107,0,2054,1,0,1558447800,0.0,1558447800,0.0,1558449987,0.0,29600261.0669,0.000497484463267,0.985571621425,0.987314242127,1.008722183,1.74698289639,2.73832834808e-09,-5.35343727787e-09,1.69292766009e-10,187.9375,170.03125,7.98143446445e-06,7.71135091782e-06,-2.04890966415e-08,-1.30385160446e-08,223800.0,0.0,0.00606986362254,-1.97957206183e-11,0.0,"(4.540197551250457e-08; 5.098991096019744e-08; 0.0; 0.0)",0.0,0.0
2019/05/21/16:46:12.040328,107.409238815,,77,119,119,107,390,2054,1,0,1558449000,0.0,1558449000,0.0,1558449987,0.0,27977344.3289,0.166875747498,0.882523513927,2.45690238081,1.51000312315,0.431498981207,4.29803617332e-09,-6.4452684713e-09,1.21433629627e-09,280.375,-74.65625,-6.14859163761e-06,4.00096178055e-06,-8.04662704468e-07,-6.46524131298e-06,225000.0,0.0,-0.000672581605613,-1.39834810398e-11,0.0,"(-3.2596290111541744e-09; -3.958120942115783e-09; 0.0; 0.0)",0.0,0.0
2019/05/21/16:46:13.098795,108.467705965,,83,117,117,107,0,2054,1,0,1558447800,0.0,1558447800,0.0,1558449989,0.0,29600261.0669,0.000497484463267,0.985571621425,0.987314242127,1.008722183,1.74698289639,2.73832834808e-09,-5.35343727787e-09,1.69292766009e-10,187.9375,170.03125,7.98143446445e-06,7.71135091782e-06,-2.04890966415e-08,-1.30385160446e-08,223800.0,0.0,0.00606986362254,-1.97957206183e-11,0.0,"(4.540197551250457e-08; 5.098991096019744e-08; 0.0; 0.0)",0.0,0.0
2019/05/21/16:46:14.039716,109.408626795,,77,119,119,107,390,2054,1,0,1558449000,0.0,1558449000,0.0,1558449989,0.0,27977344.3289,0.166875747498,0.882523513927,2.45690238081,1.51000312315,0.431498981207,4.29803617332e-09,-6.4452684713e-09,1.21433629627e-09,280.375,-74.65625,-6.14859163761e-06,4.00096178055e-06,-8.04662704468e-07,-6.46524131298e-06,225000.0,0.0,-0.000672581605613,-1.39834810398e-11,0.0,"(-3.2596290111541744e-09; -3.958120942115783e-09; 0.0; 0.0)",0.0,0.0
2019/05/21/16:46:30.085946,125.454856634,,21,33,33,0,0,2054,1,0,1558454400,0.0,1558454400,0.0,1558449996,0.0,26561070.9996,0.0245950116077,0.948769263408,-2.91804275212,-1.44244817903,-2.95337021954,4.25124851014e-09,-7.47566853446e-09,-1.25005206969e-11,193.53125,-112.5625,-5.70900738239e-06,9.00588929653e-06,2.88709998131e-07,1.26659870148e-07,230400.0,4.0,-0.000188461039215,7.38964445191e-12,0.0,"(-1.0244548320770264e-08; 0.0; 0.0; 0.0)",0.0,0.0
2019/05/21/16:46:30.091286,125.460196495,,20,22,22,0,0,2054,1,0,1558454400,0.0,1558454400,0.0,1558449996,0.0,26560469.9387,0.00440211978275,0.930365851986,-1.93345165008,2.36395429484,-1.49301217816,5.08235455761e-09,-8.19391273793e-09,5.82524264474e-10,197.96875,2.21875,1.58324837685e-07,8.7209045887e-06,-4.842877388e-08,2.04890966415e-08,230400.0,4.0,0.000524869654328,2.27373675443e-13,0.0,"(-8.847564458847046e-09; 0.0; 0.0; 0.0)",0.0,0.0
2019/05/21/16:46:30.091322,125.460232973,,29,67,67,1,0,2054,1,0,1558454400,0.0,1558454400,0.0,1558449996,0.0,26561188.5467,0.00107980973553,0.985602581161,2.44139140859,1.67986859197,1.63388156026,4.11624288661e-09,-8.11069498586e-09,-3.21084803042e-10,351.125,-70.59375,-3.90224158764e-06,2.03028321266e-06,-4.28408384323e-08,3.72529029846e-08,230400.0,4.0,0.000196122098714,-9.43600753089e-12,0.0,"(-9.778887033462524e-09; 0.0; 0.0; 0.0)",0.0,0.0
2019/05/21/16:46:30.106396,125.475306988,,7,70,70,0,0,2054,1,0,1558454400,0.0,1558454400,0.0,1558449996,0.0,26561162.5759,0.0127131858608,0.955984612368,0.296373779123,-2.46562218448,-1.70858461325,4.44232789793e-09,-7.70282085341e-09,-9.75040614355e-11,182.28125,63.5,3.05660068989e-06,9.89437103271e-06,1.89989805222e-07,-8.38190317154e-08,230400.0,4.0,-2.86707654595e-05,-7.50333128963e-12,0.0,"(-1.1175870895385742e-08; 0.0; 0.0; 0.0)",0.0,0.0
2019/05/21/16:46:39.103385,134.472295523,,83,117,117,107,0,2054,1,0,1558447800,0.0,1558447800,0.0,1558450009,0.0,29600261.0669,0.000497484463267,0.985571621425,0.987314242127,1.008722183,1.74698289639,2.73832834808e-09,-5.35343727787e-09,1.69292766009e-10,187.9375,170.03125,7.98143446445e-06,7.71135091782e-06,-2.04890966415e-08,-1.30385160446e-08,223800.0,0.0,0.00606986362254,-1.97957206183e-11,0.0,"(4.540197551250457e-08; 5.098991096019744e-08; 0.0; 0.0)",0.0,0.0
2019/05/21/16:46:40.038543,135.40745306,,77,119,119,107,390,2054,1,0,1558449000,0.0,1558449000,0.0,1558450009,0.0,27977344.3289,0.166875747498,0.882523513927,2.45690238081,1.51000312315,0.431498981207,4.29803617332e-09,-6.4452684713e-09,1.21433629627e-09,280.375,-74.65625,-6.14859163761e-06,4.00096178055e-06,-8.04662704468e-07,-6.46524131298e-06,225000.0,0.0,-0.000672581605613,-1.39834810398e-11,0.0,"(-3.2596290111541744e-09; -3.958120942115783e-09; 0.0; 0.0)",0.0,0.0
2019/05/21/16:46:41.104806,136.473716497,,83,117,117,107,0,2054,1,0,1558447800,0.0,1558447800,0.0,1558450017,0.0,29600261.0669,0.000497484463267,0.985571621425,0.987314242127,1.008722183,1.74698289639,2.73832834808e-09,-5.35343727787e-09,1.69292766009e-10,187.9375,170.03125,7.98143446445e-06,7.71135091782e-06,-2.04890966415e-08,-1.30385160446e-08,223800.0,0.0,0.00606986362254,-1.97957206183e-11,0.0,"(4.540197551250457e-08; 5.098991096019744e-08; 0.0; 0.0)",0.0,0.0
2019/05/21/16:46:42.038643,137.407553911,,77,119,119,107,390,2054,1,0,1558449000,0.0,1558449000,0.0,1558450017,0.0,27977344.3289,0.166875747498,0.882523513927,2.45690238081,1.51000312315,0.431498981207,4.29803617332e-09,-6.4452684713e-09,1.21433629627e-09,280.375,-74.65625,-6.14859163761e-06,4.00096178055e-06,-8.04662704468e-07,-6.46524131298e-06,225000.0,0.0,-0.000672581605613,-1.39834810398e-11,0.0,"(-3.2596290111541744e-09; -3.958120942115783e-09; 0.0; 0.0)",0.0,0.0
2019/05/21/16:46:43.116117,138.485027313,,83,117,117,107,0,2054,1,0,1558447800,0.0,1558447800,0.0,1558450019,0.0,29600261.0669,0.000497484463267,0.985571621425,0.987314242127,1.008722183,1.74698289639,2.73832834808e-09,-5.35343727787e-09,1.69292766009e-10,187.9375,170.03125,7.98143446445e-06,7.71135091782e-06,-2.04890966415e-08,-1.30385160446e-08,223800.0,0.0,0.00606986362254,-1.97957206183e-11,0.0,"(4.540197551250457e-08; 5.098991096019744e-08; 0.0; 0.0)",0.0,0.0
2019/05/21/16:46:44.046991,139.415901899,,77,119,119,107,390,2054,1,0,1558449000,0.0,1558449000,0.0,1558450019,0.0,27977344.3289,0.166875747498,0.882523513927,2.45690238081,1.51000312315,0.431498981207,4.29803617332e-09,-6.4452684713e-09,1.21433629627e-09,280.375,-74.65625,-6.14859163761e-06,4.00096178055e-06,-8.04662704468e-07,-6.46524131298e-06,225000.0,0.0,-0.000672581605613,-1.39834810398e-11,0.0,"(-3.2596290111541744e-09; -3.958120942115783e-09; 0.0; 0.0)",0.0,0.0
2019/05/21/16:47:00.077909,155.446819305,,21,33,33,0,0,2054,1,0,1558454400,0.0,1558454400,0.0,1558450026,0.0,26561070.9996,0.0245950116077,0.948769263408,-2.91804275212,-1.44244817903,-2.95337021954,4.25124851014e-09,-7.47566853446e-09,-1.25005206969e-11,193.53125,-112.5625,-5.70900738239e-06,9.00588929653e-06,2.88709998131e-07,1.26659870148e-07,230400.0,4.0,-0.000188461039215,7.38964445191e-12,0.0,"(-1.0244548320770264e-08; 0.0; 0.0; 0.0)",0.0,0.0
2019/05/21/16:47:00.084239,155.453149796,,26,77,77,0,0,2054,1,0,1558454400,0.0,1558454400,0.0,1558450026,0.0,26559700.5207,0.00373671762645,0.951456224062,1.30355098604,0.172528197692,2.84601853767,4.84127308703e-09,-8.21819946385e-09,2.22509268404e-10,281.5625,109.875,5.74626028538e-06,4.86336648464e-06,-9.31322574615e-08,-2.60770320892e-08,230400.0,4.0,0.00020705582574,9.66338120634e-12,0.0,"(7.450580596923828e-09; 0.0; 0.0; 0.0)",0.0,0.0
2019/05/21/16:47:00.089534,155.458444595,,20,22,22,0,0,2054,1,0,1558454400,0.0,1558454400,0.0,1558450026,0.0,26560469.9387,0.00440211978275,0.930365851986,-1.93345165008,2.36395429484,-1.49301217816,5.08235455761e-09,-8.19391273793e-09,5.82524264474e-10,197.96875,2.21875,1.58324837685e-07,8.7209045887e-06,-4.842877388e-08,2.04890966415e-08,230400.0,4.0,0.000524869654328,2.27373675443e-13,0.0,"(-8.847564458847046e-09; 0.0; 0.0; 0.0)",0.0,0.0
2019/05/21/16:47:00.097387,155.466297865,,7,70,70,0,0,2054,1,0,1558454400,0.0,1558454400,0.0,1558450026,0.0,26561162.5759,0.0127131858608,0.955984612368,0.296373779123,-2.46562218448,-1.70858461325,4.44232789793e-09,-7.70282085341e-09,-9.75040614355e-11,182.28125,63.5,3.05660068989e-06,9.89437103271e-06,1.89989805222e-07,-8.38190317154e-08,230400.0,4.0,-2.86707654595e-05,-7.50333128963e-12,0.0,"(-1.1175870895385742e-08; 0.0; 0.0; 0.0)",0.0,0.0
2019/05/21/16:47:09.098235,164.46714592,,83,117,117,107,0,2054,1,0,1558447800,0.0,1558447800,0.0,1558450039,0.0,29600261.0669,0.000497484463267,0.985571621425,0.987314242127,1.008722183,1.74698289639,2.73832834808e-09,-5.35343727787e-09,1.69292766009e-10,187.9375,170.03125,7.98143446445e-06,7.71135091782e-06,-2.04890966415e-08,-1.30385160446e-08,223800.0,0.0,0.00606986362254,-1.97957206183e-11,0.0,"(4.540197551250457e-08; 5.098991096019744e-08; 0.0; 0.0)",0.0,0.0
2019/05/21/16:47:10.039047,165.407957315,,77,119,119,107,390,2054,1,0,1558449000,0.0,1558449000,0.0,1558450039,0.0,27977344.3289,0.166875747498,0.882523513927,2.45690238081,1.51000312315,0.431498981207,4.29803617332e-09,-6.4452684713e-09,1.21433629627e-09,280.375,-74.65625,-6.14859163761e-06,4.00096178055e-06,-8.04662704468e-07,-6.46524131298e-06,225000.0,0.0,-0.000672581605613,-1.39834810398e-11,0.0,"(-3.2596290111541744e-09; -3.958120942115783e-09; 0.0; 0.0)",0.0,0.0
2019/05/21/16:47:11.097503,166.466413498,,83,117,117,107,0,2054,1,0,1558447800,0.0,1558447800,0.0,1558450047,0.0,29600261.0669,0.000497484463267,0.985571621425,0.987314242127,1.008722183,1.74698289639,2.73832834808e-09,-5.35343727787e-09,1.69292766009e-10,187.9375,170.03125,7.98143446445e-06,7.71135091782e-06,-2.04890966415e-08,-1.30385160446e-08,223800.0,0.0,0.00606986362254,-1.97957206183e-11,0.0,"(4.540197551250457e-08; 5.098991096019744e-08; 0.0; 0.0)",0.0,0.0
2019/05/21/16:47:12.038776,167.407686949,,77,119,119,107,390,2054,1,0,1558449000,0.0,1558449000,0.0,1558450047,0.0,27977344.3289,0.166875747498,0.882523513927,2.45690238081,1.51000312315,0.431498981207,4.29803617332e-09,-6.4452684713e-09,1.21433629627e-09,280.375,-74.65625,-6.14859163761e-06,4.00096178055e-06,-8.04662704468e-07,-6.46524131298e-06,225000.0,0.0,-0.000672581605613,-1.39834810398e-11,0.0,"(-3.2596290111541744e-09; -3.958120942115783e-09; 0.0; 0.0)",0.0,0.0
2019/05/21/16:47:13.097954,168.466864824,,83,117,117,107,0,2054,1,0,1558447800,0.0,1558447800,0.0,1558450049,0.0,29600261.0669,0.000497484463267,0.985571621425,0.987314242127,1.008722183,1.74698289639,2.73832834808e-09,-5.35343727787e-09,1.69292766009e-10,187.9375,170.03125,7.98143446445e-06,7.71135091782e-06,-2.04890966415e-08,-1.30385160446e-08,223800.0,0.0,0.00606986362254,-1.97957206183e-11,0.0,"(4.540197551250457e-08; 5.098991096019744e-08; 0.0; 0.0)",0.0,0.0
2019/05/21/16:47:14.038233,169.407143593,,77,119,119,107,390,2054,1,0,1558449000,0.0,1558449000,0.0,1558450049,0.0,27977344.3289,0.166875747498,0.882523513927,2.45690238081,1.51000312315,0.431498981207,4.29803617332e-09,-6.4452684713e-09,1.21433629627e-09,280.375,-74.65625,-6.14859163761e-06,4.00096178055e-06,-8.04662704468e-07,-6.46524131298e-06,225000.0,0.0,-0.000672581605613,-1.39834810398e-11,0.0,"(-3.2596290111541744e-09; -3.958120942115783e-09; 0.0; 0.0)",0.0,0.0
2019/05/21/16:47:30.083199,185.452109814,,21,33,33,0,0,2054,1,0,1558454400,0.0,1558454400,0.0,1558450056,0.0,26561070.9996,0.0245950116077,0.948769263408,-2.91804275212,-1.44244817903,-2.95337021954,4.25124851014e-09,-7.47566853446e-09,-1.25005206969e-11,193.53125,-112.5625,-5.70900738239e-06,9.00588929653e-06,2.88709998131e-07,1.26659870148e-07,230400.0,4.0,-0.000188461039215,7.38964445191e-12,0.0,"(-1.0244548320770264e-08; 0.0; 0.0; 0.0)",0.0,0.0
2019/05/21/16:47:30.083248,185.452158689,,26,77,77,0,0,2054,1,0,1558454400,0.0,1558454400,0.0,1558450056,0.0,26559700.5207,0.00373671762645,0.951456224062,1.30355098604,0.172528197692,2.84601853767,4.84127308703e-09,-8.21819946385e-09,2.22509268404e-10,281.5625,109.875,5.74626028538e-06,4.86336648464e-06,-9.31322574615e-08,-2.60770320892e-08,230400.0,4.0,0.00020705582574,9.66338120634e-12,0.0,"(7.450580596923828e-09; 0.0; 0.0; 0.0)",0.0,0.0
2019/05/21/16:47:30.088608,185.457518339,,20,22,22,0,0,2054,1,0,1558454400,0.0,1558454400,0.0,1558450056,0.0,26560469.9387,0.00440211978275,0.930365851986,-1.93345165008,2.36395429484,-1.49301217816,5.08235455761e-09,-8.19391273793e-09,5.82524264474e-10,197.96875,2.21875,1.58324837685e-07,8.7209045887e-06,-4.842877388e-08,2.04890966415e-08,230400.0,4.0,0.000524869654328,2.27373675443e-13,0.0,"(-8.847564458847046e-09; 0.0; 0.0; 0.0)",0.0,0.0
2019/05/21/16:47:30.106049,185.474959373,,7,70,70,0,0,2054,1,0,1558454400,0.0,1558454400,0.0,1558450056,0.0,26561162.5759,0.0127131858608,0.955984612368,0.296373779123,-2.46562218448,-1.70858461325,4.44232789793e-09,-7.70282085341e-09,-9.75040614355e-11,182.28125,63.5,3.05660068989e-06,9.89437103271e-06,1.89989805222e-07,-8.38190317154e-08,230400.0,4.0,-2.86707654595e-05,-7.50333128963e-12,0.0,"(-1.1175870895385742e-08; 0.0; 0.0; 0.0)",0.0,0.0
2019/05/21/16:47:39.098678,194.467588425,,83,117,117,107,0,2054,1,0,1558447800,0.0,1558447800,0.0,1558450069,0.0,29600261.0669,0.000497484463267,0.985571621425,0.987314242127,1.008722183,1.74698289639,2.73832834808e-09,-5.35343727787e-09,1.69292766009e-10,187.9375,170.03125,7.98143446445e-06,7.71135091782e-06,-2.04890966415e-08,-1.30385160446e-08,223800.0,0.0,0.00606986362254,-1.97957206183e-11,0.0,"(4.540197551250457e-08; 5.098991096019744e-08; 0.0; 0.0)",0.0,0.0
2019/05/21/16:47:40.040083,195.408993959,,77,119,119,107,390,2054,1,0,1558449000,0.0,1558449000,0.0,1558450069,0.0,27977344.3289,0.166875747498,0.882523513927,2.45690238081,1.51000312315,0.431498981207,4.29803617332e-09,-6.4452684713e-09,1.21433629627e-09,280.375,-74.65625,-6.14859163761e-06,4.00096178055e-06,-8.04662704468e-07,-6.46524131298e-06,225000.0,0.0,-0.000672581605613,-1.39834810398e-11,0.0,"(-3.2596290111541744e-09; -3.958120942115783e-09; 0.0; 0.0)",0.0,0.0
2019/05/21/16:47:41.104502,196.473412752,,83,117,117,107,0,2054,1,0,1558447800,0.0,1558447800,0.0,1558450077,0.0,29600261.0669,0.000497484463267,0.985571621425,0.987314242127,1.008722183,1.74698289639,2.73832834808e-09,-5.35343727787e-09,1.69292766009e-10,187.9375,170.03125,7.98143446445e-06,7.71135091782e-06,-2.04890966415e-08,-1.30385160446e-08,223800.0,0.0,0.00606986362254,-1.97957206183e-11,0.0,"(4.540197551250457e-08; 5.098991096019744e-08; 0.0; 0.0)",0.0,0.0
2019/05/21/16:47:42.046904,197.4158144,,77,119,119,107,390,2054,1,0,1558449000,0.0,1558449000,0.0,1558450077,0.0,27977344.3289,0.166875747498,0.882523513927,2.45690238081,1.51000312315,0.431498981207,4.29803617332e-09,-6.4452684713e-09,1.21433629627e-09,280.375,-74.65625,-6.14859163761e-06,4.00096178055e-06,-8.04662704468e-07,-6.46524131298e-06,225000.0,0.0,-0.000672581605613,-1.39834810398e-11,0.0,"(-3.2596290111541744e-09; -3.958120942115783e-09; 0.0; 0.0)",0.0,0.0
2019/05/21/16:47:43.097958,198.466868639,,83,117,117,107,0,2054,1,0,1558447800,0.0,1558447800,0.0,1558450079,0.0,29600261.0669,0.000497484463267,0.985571621425,0.987314242127,1.008722183,1.74698289639,2.73832834808e-09,-5.35343727787e-09,1.69292766009e-10,187.9375,170.03125,7.98143446445e-06,7.71135091782e-06,-2.04890966415e-08,-1.30385160446e-08,223800.0,0.0,0.00606986362254,-1.97957206183e-11,0.0,"(4.540197551250457e-08; 5.098991096019744e-08; 0.0; 0.0)",0.0,0.0
2019/05/21/16:47:44.038455,199.407365799,,77,119,119,107,390,2054,1,0,1558449000,0.0,1558449000,0.0,1558450079,0.0,27977344.3289,0.166875747498,0.882523513927,2.45690238081,1.51000312315,0.431498981207,4.29803617332e-09,-6.4452684713e-09,1.21433629627e-09,280.375,-74.65625,-6.14859163761e-06,4.00096178055e-06,-8.04662704468e-07,-6.46524131298e-06,225000.0,0.0,-0.000672581605613,-1.39834810398e-11,0.0,"(-3.2596290111541744e-09; -3.958120942115783e-09; 0.0; 0.0)",0.0,0.0
2019/05/21/16:48:00.082389,215.451299429,,21,33,33,0,0,2054,1,0,1558454400,0.0,1558454400,0.0,1558450086,0.0,26561070.9996,0.0245950116077,0.948769263408,-2.91804275212,-1.44244817903,-2.95337021954,4.25124851014e-09,-7.47566853446e-09,-1.25005206969e-11,193.53125,-112.5625,-5.70900738239e-06,9.00588929653e-06,2.88709998131e-07,1.26659870148e-07,230400.0,4.0,-0.000188461039215,7.38964445191e-12,0.0,"(-1.0244548320770264e-08; 0.0; 0.0; 0.0)",0.0,0.0
2019/05/21/16:48:00.082412,215.451322317,,26,77,77,0,0,2054,1,0,1558454400,0.0,1558454400,0.0,1558450086,0.0,26559700.5207,0.00373671762645,0.951456224062,1.30355098604,0.172528197692,2.84601853767,4.84127308703e-09,-8.21819946385e-09,2.22509268404e-10,281.5625,109.875,5.74626028538e-06,4.86336648464e-06,-9.31322574615e-08,-2.60770320892e-08,230400.0,4.0,0.00020705582574,9.66338120634e-12,0.0,"(7.450580596923828e-09; 0.0; 0.0; 0.0)",0.0,0.0
2019/05/21/16:48:00.087919,215.456829309,,20,22,22,0,0,2054,1,0,1558454400,0.0,1558454400,0.0,1558450086,0.0,26560469.9387,0.00440211978275,0.930365851986,-1.93345165008,2.36395429484,-1.49301217816,5.08235455761e-09,-8.19391273793e-09,5.82524264474e-10,197.96875,2.21875,1.58324837685e-07,8.7209045887e-06,-4.842877388e-08,2.04890966415e-08,230400.0,4.0,0.000524869654328,2.27373675443e-13,0.0,"(-8.847564458847046e-09; 0.0; 0.0; 0.0)",0.0,0.0
2019/05/21/16:48:00.093248,215.462158203,,29,67,67,1,0,2054,1,0,1558454400,0.0,1558454400,0.0,1558450086,0.0,26561188.5467,0.00107980973553,0.985602581161,2.44139140859,1.67986859197,1.63388156026,4.11624288661e-09,-8.11069498586e-09,-3.21084803042e-10,351.125,-70.59375,-3.90224158764e-06,2.03028321266e-06,-4.28408384323e-08,3.72529029846e-08,230400.0,4.0,0.000196122098714,-9.43600753089e-12,0.0,"(-9.778887033462524e-09; 0.0; 0.0; 0.0)",0.0,0.0
2019/05/21/16:48:00.098702,215.467612743,,7,70,70,0,0,2054,1,0,1558454400,0.0,1558454400,0.0,1558450086,0.0,26561162.5759,0.0127131858608,0.955984612368,0.296373779123,-2.46562218448,-1.70858461325,4.44232789793e-09,-7.70282085341e-09,-9.75040614355e-11,182.28125,63.5,3.05660068989e-06,9.89437103271e-06,1.89989805222e-07,-8.38190317154e-08,230400.0,4.0,-2.86707654595e-05,-7.50333128963e-12,0.0,"(-1.1175870895385742e-08; 0.0; 0.0; 0.0)",0.0,0.0
2019/05/21/16:48:09.110765,224.479676008,,83,117,117,107,0,2054,1,0,1558447800,0.0,1558447800,0.0,1558450099,0.0,29600261.0669,0.000497484463267,0.985571621425,0.987314242127,1.008722183,1.74698289639,2.73832834808e-09,-5.35343727787e-09,1.69292766009e-10,187.9375,170.03125,7.98143446445e-06,7.71135091782e-06,-2.04890966415e-08,-1.30385160446e-08,223800.0,0.0,0.00606986362254,-1.97957206183e-11,0.0,"(4.540197551250457e-08; 5.098991096019744e-08; 0.0; 0.0)",0.0,0.0
2019/05/21/16:48:10.046972,225.415882349,,77,119,119,107,390,2054,1,0,1558449000,0.0,1558449000,0.0,1558450099,0.0,27977344.3289,0.166875747498,0.882523513927,2.45690238081,1.51000312315,0.431498981207,4.29803617332e-09,-6.4452684713e-09,1.21433629627e-09,280.375,-74.65625,-6.14859163761e-06,4.00096178055e-06,-8.04662704468e-07,-6.46524131298e-06,225000.0,0.0,-0.000672581605613,-1.39834810398e-11,0.0,"(-3.2596290111541744e-09; -3.958120942115783e-09; 0.0; 0.0)",0.0,0.0
2019/05/21/16:48:11.108870,226.477780581,,83,117,117,107,0,2054,1,0,1558447800,0.0,1558447800,0.0,1558450107,0.0,29600261.0669,0.000497484463267,0.985571621425,0.987314242127,1.008722183,1.74698289639,2.73832834808e-09,-5.35343727787e-09,1.69292766009e-10,187.9375,170.03125,7.98143446445e-06,7.71135091782e-06,-2.04890966415e-08,-1.30385160446e-08,223800.0,0.0,0.00606986362254,-1.97957206183e-11,0.0,"(4.540197551250457e-08; 5.098991096019744e-08; 0.0; 0.0)",0.0,0.0
2019/05/21/16:48:12.045239,227.41415,,77,119,119,107,390,2054,1,0,1558449000,0.0,1558449000,0.0,1558450107,0.0,27977344.3289,0.166875747498,0.882523513927,2.45690238081,1.51000312315,0.431498981207,4.29803617332e-09,-6.4452684713e-09,1.21433629627e-09,280.375,-74.65625,-6.14859163761e-06,4.00096178055e-06,-8.04662704468e-07,-6.46524131298e-06,225000.0,0.0,-0.000672581605613,-1.39834810398e-11,0.0,"(-3.2596290111541744e-09; -3.958120942115783e-09; 0.0; 0.0)",0.0,0.0
2019/05/21/16:48:13.116847,228.485757351,,83,117,117,107,0,2054,1,0,1558447800,0.0,1558447800,0.0,1558450109,0.0,29600261.0669,0.000497484463267,0.985571621425,0.987314242127,1.008722183,1.74698289639,2.73832834808e-09,-5.35343727787e-09,1.69292766009e-10,187.9375,170.03125,7.98143446445e-06,7.71135091782e-06,-2.04890966415e-08,-1.30385160446e-08,223800.0,0.0,0.00606986362254,-1.97957206183e-11,0.0,"(4.540197551250457e-08; 5.098991096019744e-08; 0.0; 0.0)",0.0,0.0
2019/05/21/16:48:14.039085,229.407995939,,77,119,119,107,390,2054,1,0,1558449000,0.0,1558449000,0.0,1558450109,0.0,27977344.3289,0.166875747498,0.882523513927,2.45690238081,1.51000312315,0.431498981207,4.29803617332e-09,-6.4452684713e-09,1.21433629627e-09,280.375,-74.65625,-6.14859163761e-06,4.00096178055e-06,-8.04662704468e-07,-6.46524131298e-06,225000.0,0.0,-0.000672581605613,-1.39834810398e-11,0.0,"(-3.2596290111541744e-09; -3.958120942115783e-09; 0.0; 0.0)",0.0,0.0
2019/05/21/16:48:30.080795,245.449705601,,21,33,33,0,0,2054,1,0,1558454400,0.0,1558454400,0.0,1558450116,0.0,26561070.9996,0.0245950116077,0.948769263408,-2.91804275212,-1.44244817903,-2.95337021954,4.25124851014e-09,-7.47566853446e-09,-1.25005206969e-11,193.53125,-112.5625,-5.70900738239e-06,9.00588929653e-06,2.88709998131e-07,1.26659870148e-07,230400.0,4.0,-0.000188461039215,7.38964445191e-12,0.0,"(-1.0244548320770264e-08; 0.0; 0.0; 0.0)",0.0,0.0
2019/05/21/16:48:30.081842,245.450752735,,26,77,77,0,0,2054,1,0,1558454400,0.0,1558454400,0.0,1558450116,0.0,26559700.5207,0.00373671762645,0.951456224062,1.30355098604,0.172528197692,2.84601853767,4.84127308703e-09,-8.21819946385e-09,2.22509268404e-10,281.5625,109.875,5.74626028538e-06,4.86336648464e-06,-9.31322574615e-08,-2.60770320892e-08,230400.0,4.0,0.00020705582574,9.66338120634e-12,0.0,"(7.450580596923828e-09; 0.0; 0.0; 0.0)",0.0,0.0
2019/05/21/16:48:30.092423,245.461333275,,20,22,22,0,0,2054,1,0,1558454400,0.0,1558454400,0.0,1558450116,0.0,26560469.9387,0.00440211978275,0.930365851986,-1.93345165008,2.36395429484,-1.49301217816,5.08235455761e-09,-8.19391273793e-09,5.82524264474e-10,197.96875,2.21875,1.58324837685e-07,8.7209045887e-06,-4.842877388e-08,2.04890966415e-08,230400.0,4.0,0.000524869654328,2.27373675443e-13,0.0,"(-8.847564458847046e-09; 0.0; 0.0; 0.0)",0.0,0.0
2019/05/21/16:48:30.092465,245.461375952,,29,67,67,1,0,2054,1,0,1558454400,0.0,1558454400,0.0,1558450116,0.0,26561188.5467,0.00107980973553,0.985602581161,2.44139140859,1.67986859197,1.63388156026,4.11624288661e-09,-8.11069498586e-09,-3.21084803042e-10,351.125,-70.59375,-3.90224158764e-06,2.03028321266e-06,-4.28408384323e-08,3.72529029846e-08,230400.0,4.0,0.000196122098714,-9.43600753089e-12,0.0,"(-9.778887033462524e-09; 0.0; 0.0; 0.0)",0.0,0.0
2019/05/21/16:48:30.096736,245.465646744,,7,70,70,0,0,2054,1,0,1558454400,0.0,1558454400,0.0,1558450116,0.0,26561162.5759,0.0127131858608,0.955984612368,0.296373779123,-2.46562218448,-1.70858461325,4.44232789793e-09,-7.70282085341e-09,-9.75040614355e-11,182.28125,63.5,3.05660068989e-06,9.89437103271e-06,1.89989805222e-07,-8.38190317154e-08,230400.0,4.0,-2.86707654595e-05,-7.50333128963e-12,0.0,"(-1.1175870895385742e-08; 0.0; 0.0; 0.0)",0.0,0.0
2019/05/21/16:48:39.099580,254.468490601,,83,117,117,107,0,2054,1,0,1558447800,0.0,1558447800,0.0,1558450129,0.0,29600261.0669,0.000497484463267,0.985571621425,0.987314242127,1.008722183,1.74698289639,2.73832834808e-09,-5.35343727787e-09,1.69292766009e-10,187.9375,170.03125,7.98143446445e-06,7.71135091782e-06,-2.04890966415e-08,-1.30385160446e-08,223800.0,0.0,0.00606986362254,-1.97957206183e-11,0.0,"(4.540197551250457e-08; 5.098991096019744e-08; 0.0; 0.0)",0.0,0.0
2019/05/21/16:48:40.045078,255.413988829,,77,119,119,107,390,2054,1,0,1558449000,0.0,1558449000,0.0,1558450129,0.0,27977344.3289,0.166875747498,0.882523513927,2.45690238081,1.51000312315,0.431498981207,4.29803617332e-09,-6.4452684713e-09,1.21433629627e-09,280.375,-74.65625,-6.14859163761e-06,4.00096178055e-06,-8.04662704468e-07,-6.46524131298e-06,225000.0,0.0,-0.000672581605613,-1.39834810398e-11,0.0,"(-3.2596290111541744e-09; -3.958120942115783e-09; 0.0; 0.0)",0.0,0.0
2019/05/21/16:48:41.098519,256.467429638,,83,117,117,107,0,2054,1,0,1558447800,0.0,1558447800,0.0,1558450137,0.0,29600261.0669,0.000497484463267,0.985571621425,0.987314242127,1.008722183,1.74698289639,2.73832834808e-09,-5.35343727787e-09,1.69292766009e-10,187.9375,170.03125,7.98143446445e-06,7.71135091782e-06,-2.04890966415e-08,-1.30385160446e-08,223800.0,0.0,0.00606986362254,-1.97957206183e-11,0.0,"(4.540197551250457e-08; 5.098991096019744e-08; 0.0; 0.0)",0.0,0.0
2019/05/21/16:48:42.041043,257.409953117,,77,119,119,107,390,2054,1,0,1558449000,0.0,1558449000,0.0,1558450137,0.0,27977344.3289,0.166875747498,0.882523513927,2.45690238081,1.51000312315,0.431498981207,4.29803617332e-09,-6.4452684713e-09,1.21433629627e-09,280.375,-74.65625,-6.14859163761e-06,4.00096178055e-06,-8.04662704468e-07,-6.46524131298e-06,225000.0,0.0,-0.000672581605613,-1.39834810398e-11,0.0,"(-3.2596290111541744e-09; -3.958120942115783e-09; 0.0; 0.0)",0.0,0.0
2019/05/21/16:48:43.107487,258.476397276,,83,117,117,107,0,2054,1,0,1558447800,0.0,1558447800,0.0,1558450139,0.0,29600261.0669,0.000497484463267,0.985571621425,0.987314242127,1.008722183,1.74698289639,2.73832834808e-09,-5.35343727787e-09,1.69292766009e-10,187.9375,170.03125,7.98143446445e-06,7.71135091782e-06,-2.04890966415e-08,-1.30385160446e-08,223800.0,0.0,0.00606986362254,-1.97957206183e-11,0.0,"(4.540197551250457e-08; 5.098991096019744e-08; 0.0; 0.0)",0.0,0.0
2019/05/21/16:48:44.038780,259.407691002,,77,119,119,107,390,2054,1,0,1558449000,0.0,1558449000,0.0,1558450139,0.0,27977344.3289,0.166875747498,0.882523513927,2.45690238081,1.51000312315,0.431498981207,4.29803617332e-09,-6.4452684713e-09,1.21433629627e-09,280.375,-74.65625,-6.14859163761e-06,4.00096178055e-06,-8.04662704468e-07,-6.46524131298e-06,225000.0,0.0,-0.000672581605613,-1.39834810398e-11,0.0,"(-3.2596290111541744e-09; -3.958120942115783e-09; 0.0; 0.0)",0.0,0.0
2019/05/21/16:49:00.078333,275.44724369,,21,33,33,0,0,2054,1,0,1558454400,0.0,1558454400,0.0,1558450146,0.0,26561070.9996,0.0245950116077,0.948769263408,-2.91804275212,-1.44244817903,-2.95337021954,4.25124851014e-09,-7.47566853446e-09,-1.25005206969e-11,193.53125,-112.5625,-5.70900738239e-06,9.00588929653e-06,2.88709998131e-07,1.26659870148e-07,230400.0,4.0,-0.000188461039215,7.38964445191e-12,0.0,"(-1.0244548320770264e-08; 0.0; 0.0; 0.0)",0.0,0.0
2019/05/21/16:49:00.092448,275.46135807,,20,22,22,0,0,2054,1,0,1558454400,0.0,1558454400,0.0,1558450146,0.0,26560469.9387,0.00440211978275,0.930365851986,-1.93345165008,2.36395429484,-1.49301217816,5.08235455761e-09,-8.19391273793e-09,5.82524264474e-10,197.96875,2.21875,1.58324837685e-07,8.7209045887e-06,-4.842877388e-08,2.04890966415e-08,230400.0,4.0,0.000524869654328,2.27373675443e-13,0.0,"(-8.847564458847046e-09; 0.0; 0.0; 0.0)",0.0,0.0
2019/05/21/16:49:00.092481,275.461391687,,29,67,67,1,0,2054,1,0,1558454400,0.0,1558454400,0.0,1558450116,0.0,26561188.5467,0.00107980973553,0.985602581161,2.44139140859,1.67986859197,1.63388156026,4.11624288661e-09,-8.11069498586e-09,-3.21084803042e-10,351.125,-70.59375,-3.90224158764e-06,2.03028321266e-06,-4.28408384323e-08,3.72529029846e-08,230400.0,4.0,0.000196122098714,-9.43600753089e-12,0.0,"(-9.778887033462524e-09; 0.0; 0.0; 0.0)",0.0,0.0
2019/05/21/16:49:00.097784,275.466694832,,7,70,70,0,0,2054,1,0,1558454400,0.0,1558454400,0.0,1558450146,0.0,26561162.5759,0.0127131858608,0.955984612368,0.296373779123,-2.46562218448,-1.70858461325,4.44232789793e-09,-7.70282085341e-09,-9.75040614355e-11,182.28125,63.5,3.05660068989e-06,9.89437103271e-06,1.89989805222e-07,-8.38190317154e-08,230400.0,4.0,-2.86707654595e-05,-7.50333128963e-12,0.0,"(-1.1175870895385742e-08; 0.0; 0.0; 0.0)",0.0,0.0
2019/05/21/16:49:09.100357,284.469267845,,83,117,117,107,0,2054,1,0,1558447800,0.0,1558447800,0.0,1558450159,0.0,29600261.0669,0.000497484463267,0.985571621425,0.987314242127,1.008722183,1.74698289639,2.73832834808e-09,-5.35343727787e-09,1.69292766009e-10,187.9375,170.03125,7.98143446445e-06,7.71135091782e-06,-2.04890966415e-08,-1.30385160446e-08,223800.0,0.0,0.00606986362254,-1.97957206183e-11,0.0,"(4.540197551250457e-08; 5.098991096019744e-08; 0.0; 0.0)",0.0,0.0
2019/05/21/16:49:10.038590,285.407500982,,77,119,119,107,390,2054,1,0,1558449000,0.0,1558449000,0.0,1558450159,0.0,27977344.3289,0.166875747498,0.882523513927,2.45690238081,1.51000312315,0.431498981207,4.29803617332e-09,-6.4452684713e-09,1.21433629627e-09,280.375,-74.65625,-6.14859163761e-06,4.00096178055e-06,-8.04662704468e-07,-6.46524131298e-06,225000.0,0.0,-0.000672581605613,-1.39834810398e-11,0.0,"(-3.2596290111541744e-09; -3.958120942115783e-09; 0.0; 0.0)",0.0,0.0
2019/05/21/16:49:11.106823,286.475733519,,83,117,117,107,0,2054,1,0,1558447800,0.0,1558447800,0.0,1558450167,0.0,29600261.0669,0.000497484463267,0.985571621425,0.987314242127,1.008722183,1.74698289639,2.73832834808e-09,-5.35343727787e-09,1.69292766009e-10,187.9375,170.03125,7.98143446445e-06,7.71135091782e-06,-2.04890966415e-08,-1.30385160446e-08,223800.0,0.0,0.00606986362254,-1.97957206183e-11,0.0,"(4.540197551250457e-08; 5.098991096019744e-08; 0.0; 0.0)",0.0,0.0
2019/05/21/16:49:12.040274,287.409184217,,77,119,119,107,390,2054,1,0,1558449000,0.0,1558449000,0.0,1558450167,0.0,27977344.3289,0.166875747498,0.882523513927,2.45690238081,1.51000312315,0.431498981207,4.29803617332e-09,-6.4452684713e-09,1.21433629627e-09,280.375,-74.65625,-6.14859163761e-06,4.00096178055e-06,-8.04662704468e-07,-6.46524131298e-06,225000.0,0.0,-0.000672581605613,-1.39834810398e-11,0.0,"(-3.2596290111541744e-09; -3.958120942115783e-09; 0.0; 0.0)",0.0,0.0
2019/05/21/16:49:13.098199,288.467109442,,83,117,117,107,0,2054,1,0,1558447800,0.0,1558447800,0.0,1558450169,0.0,29600261.0669,0.000497484463267,0.985571621425,0.987314242127,1.008722183,1.74698289639,2.73832834808e-09,-5.35343727787e-09,1.69292766009e-10,187.9375,170.03125,7.98143446445e-06,7.71135091782e-06,-2.04890966415e-08,-1.30385160446e-08,223800.0,0.0,0.00606986362254,-1.97957206183e-11,0.0,"(4.540197551250457e-08; 5.098991096019744e-08; 0.0; 0.0)",0.0,0.0
2019/05/21/16:49:14.045130,289.414040804,,77,119,119,107,390,2054,1,0,1558449000,0.0,1558449000,0.0,1558450169,0.0,27977344.3289,0.166875747498,0.882523513927,2.45690238081,1.51000312315,0.431498981207,4.29803617332e-09,-6.4452684713e-09,1.21433629627e-09,280.375,-74.65625,-6.14859163761e-06,4.00096178055e-06,-8.04662704468e-07,-6.46524131298e-06,225000.0,0.0,-0.000672581605613,-1.39834810398e-11,0.0,"(-3.2596290111541744e-09; -3.958120942115783e-09; 0.0; 0.0)",0.0,0.0
2019/05/21/16:49:30.083188,305.45209837,,21,33,33,0,0,2054,1,0,1558454400,0.0,1558454400,0.0,1558450176,0.0,26561070.9996,0.0245950116077,0.948769263408,-2.91804275212,-1.44244817903,-2.95337021954,4.25124851014e-09,-7.47566853446e-09,-1.25005206969e-11,193.53125,-112.5625,-5.70900738239e-06,9.00588929653e-06,2.88709998131e-07,1.26659870148e-07,230400.0,4.0,-0.000188461039215,7.38964445191e-12,0.0,"(-1.0244548320770264e-08; 0.0; 0.0; 0.0)",0.0,0.0
2019/05/21/16:49:30.083227,305.45213747,,26,77,77,0,0,2054,1,0,1558454400,0.0,1558454400,0.0,1558450176,0.0,26559700.5207,0.00373671762645,0.951456224062,1.30355098604,0.172528197692,2.84601853767,4.84127308703e-09,-8.21819946385e-09,2.22509268404e-10,281.5625,109.875,5.74626028538e-06,4.86336648464e-06,-9.31322574615e-08,-2.60770320892e-08,230400.0,4.0,0.00020705582574,9.66338120634e-12,0.0,"(7.450580596923828e-09; 0.0; 0.0; 0.0)",0.0,0.0
2019/05/21/16:49:30.088546,305.45745635,,20,22,22,0,0,2054,1,0,1558454400,0.0,1558454400,0.0,1558450176,0.0,26560469.9387,0.00440211978275,0.930365851986,-1.93345165008,2.36395429484,-1.49301217816,5.08235455761e-09,-8.19391273793e-09,5.82524264474e-10,197.96875,2.21875,1.58324837685e-07,8.7209045887e-06,-4.842877388e-08,2.04890966415e-08,230400.0,4.0,0.000524869654328,2.27373675443e-13,0.0,"(-8.847564458847046e-09; 0.0; 0.0; 0.0)",0.0,0.0
2019/05/21/16:49:30.093773,305.462683439,,29,67,67,1,0,2054,1,0,1558454400,0.0,1558454400,0.0,1558450176,0.0,26561188.5467,0.00107980973553,0.985602581161,2.44139140859,1.67986859197,1.63388156026,4.11624288661e-09,-8.11069498586e-09,-3.21084803042e-10,351.125,-70.59375,-3.90224158764e-06,2.03028321266e-06,-4.28408384323e-08,3.72529029846e-08,230400.0,4.0,0.000196122098714,-9.43600753089e-12,0.0,"(-9.778887033462524e-09; 0.0; 0.0; 0.0)",0.0,0.0
2019/05/21/16:49:30.099314,305.468225002,,7,70,70,0,0,2054,1,0,1558454400,0.0,1558454400,0.0,1558450176,0.0,26561162.5759,0.0127131858608,0.955984612368,0.296373779123,-2.46562218448,-1.70858461325,4.44232789793e-09,-7.70282085341e-09,-9.75040614355e-11,182.28125,63.5,3.05660068989e-06,9.89437103271e-06,1.89989805222e-07,-8.38190317154e-08,230400.0,4.0,-2.86707654595e-05,-7.50333128963e-12,0.0,"(-1.1175870895385742e-08; 0.0; 0.0; 0.0)",0.0,0.0
2019/05/21/16:49:39.098647,314.46755743,,83,117,117,107,0,2054,1,0,1558447800,0.0,1558447800,0.0,1558450189,0.0,29600261.0669,0.000497484463267,0.985571621425,0.987314242127,1.008722183,1.74698289639,2.73832834808e-09,-5.35343727787e-09,1.69292766009e-10,187.9375,170.03125,7.98143446445e-06,7.71135091782e-06,-2.04890966415e-08,-1.30385160446e-08,223800.0,0.0,0.00606986362254,-1.97957206183e-11,0.0,"(4.540197551250457e-08; 5.098991096019744e-08; 0.0; 0.0)",0.0,0.0
2019/05/21/16:49:40.060014,315.428924561,,77,119,119,107,390,2054,1,0,1558449000,0.0,1558449000,0.0,1558450189,0.0,27977344.3289,0.166875747498,0.882523513927,2.45690238081,1.51000312315,0.431498981207,4.29803617332e-09,-6.4452684713e-09,1.21433629627e-09,280.375,-74.65625,-6.14859163761e-06,4.00096178055e-06,-8.04662704468e-07,-6.46524131298e-06,225000.0,0.0,-0.000672581605613,-1.39834810398e-11,0.0,"(-3.2596290111541744e-09; -3.958120942115783e-09; 0.0; 0.0)",0.0,0.0
