_ID_,hdwStatus,insStatus,lla[0],lla[1],lla[2],qn2b[0],qn2b[1],qn2b[2],qn2b[3],timeOfWeek,uvw[0],uvw[1],uvw[2],week
1,65619,427885568,59.349890599999995,18.066287799999994,49.485000001266599,0.0377276018,0.244186044,-0.0740245804,0.966162682,316370.62131990702,0,0,0,2039
3,65619,427885568,59.349890599999995,18.066287799999994,49.485000001266599,0.0378078781,0.244181097,-0.0740575641,0.96615839,316370.62531990721,0,0,0,2039
6,65619,427885568,59.349890599999995,18.066287799999994,49.485000001266599,0.0378894657,0.24417007,-0.0740760788,0.966156483,316370.6293199074,0,0,0,2039
7,65619,427885568,59.349890599999995,18.066287799999994,49.485000001266599,0.0379276723,0.244164228,-0.0740817115,0.966155887,316370.63331990759,0,0,0,2039
8,65619,427885568,59.349890599999995,18.066287799999994,49.485000001266599,0.0379294157,0.24414663,-0.0740856081,0.966160119,316370.63731990778,0,0,0,2039
9,65619,427885568,59.349890599999995,18.066287799999994,49.485000001266599,0.0379441418,0.244128361,-0.0740760788,0.966164827,316370.64131990797,0,0,0,2039
10,65619,427885568,59.349890599999995,18.066287799999994,49.485000001266599,0.037958473,0.244118899,-0.0740770176,0.966166615,316370.64531990816,0,0,0,2039
11,65619,427885568,59.349890599999995,18.066287799999994,49.485000001266599,0.0380033366,0.244108677,-0.0740896687,0.966166377,316370.64931990835,0,0,0,2039
12,65619,427885568,59.349890599999995,18.066287799999994,49.485000001266599,0.038097512,0.244110003,-0.0741089433,0.966160953,316370.65331990854,0,0,0,2039
14,65619,427885568,59.349890599999995,18.066287799999994,49.485000001266599,0.0381888188,0.244115815,-0.074147217,0.966153026,316370.65731990873,0,0,0,2039
18,65619,427885568,59.349890599999995,18.066287799999994,49.485000001266599,0.038279701,0.244129851,-0.0741785243,0.966143429,316370.66131990892,0,0,0,2039
19,65619,427886080,59.349890599999995,18.066287799999994,49.485000001266599,0.0383571908,0.244151786,-0.074203819,0.96613276,316370.66531990911,0,0,0,2039
20,65619,427885568,59.349890599999995,18.066287799999994,49.485000001266599,0.0383716598,0.244170457,-0.0742230937,0.966126025,316370.6693199093,0,0,0,2039
21,65619,427885568,59.349890599999995,18.066287799999994,49.485000001266599,0.0383320414,0.244183153,-0.0742074773,0.966125667,316370.67331990949,0,0,0,2039
22,65619,427885568,59.349890599999995,18.066287799999994,49.485000001266599,0.0382176749,0.244190037,-0.0741794109,0.966130555,316370.67731990968,0,0,0,2039
23,65619,427885568,59.349890599999995,18.066287799999994,49.485000001266599,0.0380347371,0.244189262,-0.0741305053,0.966141641,316370.68131990987,0,0,0,2039
24,65619,427885568,59.349890599999995,18.066287799999994,49.485000001266599,0.0378698334,0.244190291,-0.074075371,0.966152072,316370.68531991006,0,0,0,2039
25,65619,427885568,59.349890599999995,18.066287799999994,49.485000001266599,0.03770395,0.244187295,-0.0740323588,0.966162622,316370.68931991025,0,0,0,2039
26,65619,427885568,59.349890599999995,18.066287799999994,49.485000001266599,0.0375339985,0.244182542,-0.0739794746,0.966174483,316370.69331991044,0,0,0,2039
27,65619,427885568,59.349890599999995,18.066287799999994,49.485000001266599,0.0374061614,0.244188547,-0.0739392638,0.966181099,316370.69731991063,0,0,0,2039
28,65619,427885568,59.349890599999995,18.066287799999994,49.485000001266599,0.0374061614,0.244188547,-0.0739392638,0.966181099,316370.7010208338,0,0,0,2039
29,65619,427885568,59.349890599999995,18.066287799999994,49.485000001266599,0.0371759646,0.244206801,-0.0738803446,0.966189861,316370.7052954922,0,0,0,2039
30,65619,427885568,59.349890599999995,18.066287799999994,49.485000001266599,0.0371230729,0.244219393,-0.0738739595,0.966189206,316370.70929549239,0,0,0,2039
31,65619,427885568,59.349890599999995,18.066287799999994,49.485000001266599,0.0370736755,0.24423103,-0.0738680288,0.966188669,316370.71329549258,0,0,0,2039
32,65619,427885568,59.349890599999995,18.066287799999994,49.485000001266599,0.03707394,0.244245052,-0.073860608,0.96618557,316370.71729549277,0,0,0,2039
33,65619,427885568,59.349890599999995,18.066287799999994,49.485000001266599,0.037076734,0.244261324,-0.0738737211,0.966180444,316370.72129549296,0,0,0,2039
34,65619,427885568,59.349890599999995,18.066287799999994,49.485000001266599,0.0370663516,0.244265616,-0.0738750622,0.966179609,316370.72529549315,0,0,0,2039
35,65619,427885568,59.349890599999995,18.066287799999994,49.485000001266599,0.0370465219,0.24427402,-0.0738655776,0.966179013,316370.72929549334,0,0,0,2039
36,65619,427885568,59.349890599999995,18.066287799999994,49.485000001266599,0.0369827226,0.244266689,-0.0738534033,0.966184139,316370.73329549353,0,0,0,2039
37,65619,427885568,59.349890599999995,18.066287799999994,49.485000001266599,0.0369296223,0.244257286,-0.0738332421,0.966190159,316370.73729549372,0,0,0,2039
38,65619,427885568,59.349890599999995,18.066287799999994,49.485000001266599,0.0368745476,0.244245827,-0.0738146678,0.966196597,316370.74129549391,0,0,0,2039
94,1114195,427885568,59.349890599999995,18.066287799999994,49.485000001266599,0.0365086682,0.244284838,-0.0737357065,0.96620667,316370.84127107984,0,0,0,2039
152,1114192,427885568,59.349890599999995,18.066287799999994,49.485000001266599,0.0348958336,0.244419441,-0.0733081996,0.966264725,316370.94124666578,0,0,0,2039
202,1114192,427885568,59.349890599999995,18.066287799999994,49.485000001266599,0.0341725536,0.244473234,-0.0730933994,0.966293216,316371.04128328688,0,0,0,2039
260,1114192,427885568,59.349890599999995,18.066287799999994,49.485000001266599,0.0341328867,0.244462416,-0.0731104463,0.966296077,316371.14125887281,0,0,0,2039
318,1114192,427885568,59.349890599999995,18.066287799999994,49.485000001266599,0.0336525105,0.244495764,-0.0730124116,0.966311991,316371.24123445875,0,0,0,2039
377,1114192,427885568,59.349890599999995,18.066287799999994,49.485000001266599,0.0336366631,0.244514883,-0.0729958266,0.966308892,316371.34121004469,0,0,0,2039
433,1114192,427885568,59.349890599999995,18.066287799999994,49.485000001266599,0.0330273919,0.244553387,-0.0728384405,0.966331899,316371.44127718336,0,0,0,2039
492,1114192,427885568,59.349890599999995,18.066287799999994,49.485000001266599,0.0323924758,0.244592801,-0.0726734847,0.966355979,316371.5412527693,0,0,0,2039
551,1114192,427885568,59.349890599999995,18.066287799999994,49.485000001266599,0.0316743813,0.244660378,-0.0724750012,0.966377556,316371.64122835523,0,0,0,2039
612,1114192,427885568,59.349890599999995,18.066287799999994,49.485000001266599,0.0322395191,0.244609699,-0.072621651,0.966360688,316371.74120394117,0,0,0,2039
665,1114192,427885568,59.349890599999995,18.066287799999994,49.485000001266599,0.0324150585,0.244589493,-0.0726564676,0.96635735,316371.84127107984,0,0,0,2039
725,1114192,427885568,59.349890599999995,18.066287799999994,49.485000001266599,0.0308432002,0.244698435,-0.0722568631,0.966411114,316371.94124666578,0,0,0,2039
781,1114192,427885568,59.349890599999995,18.066287799999994,49.485000001266599,0.0298082288,0.244780272,-0.071949251,0.966445804,316372.04128328688,0,0,0,2039
842,1114192,427885568,59.349890599999995,18.066287799999994,49.485000001266599,0.0298063681,0.244781628,-0.0719539747,0.966445208,316372.14125887281,0,0,0,2039
897,1114192,427885568,59.349890599999995,18.066287799999994,49.485000001266599,0.0294311997,0.244824231,-0.0718817636,0.966451228,316372.24132601148,0,0,0,2039
955,1114192,427885568,59.349890599999995,18.066287799999994,49.485000001266599,0.0292910505,0.244860947,-0.071849376,0.966448665,316372.34130159742,0,0,0,2039
1014,1114192,427885568,59.349890599999995,18.066287799999994,49.485000001266599,0.0292051192,0.244873822,-0.0718143508,0.966450691,316372.44127718336,0,0,0,2039
1069,1114192,427885568,59.349890599999995,18.066287799999994,49.485000001266599,0.0287890323,0.244909868,-0.0717020258,0.966462195,316372.5412527693,0,0,0,2039
1127,1114192,427885568,59.349890599999995,18.066287799999994,49.485000001266599,0.0287464447,0.244919807,-0.0717018917,0.966460943,316372.64131990797,0,0,0,2039
1188,1114192,427885568,59.349890599999995,18.066287799999994,49.485000001266599,0.0282131694,0.244971529,-0.0715299621,0.966476381,316372.74129549391,0,0,0,2039
1245,1114192,427885568,59.349890599999995,18.066287799999994,49.485000001266599,0.0285145547,0.244945496,-0.0716122985,0.966467977,316372.84127107984,0,0,0,2039
1304,1114192,427885568,59.349890599999995,18.066287799999994,49.485000001266599,0.0276952628,0.24499999,-0.0714101046,0.966493011,316372.94124666578,0,0,0,2039
1360,1114192,427885568,59.349890599999995,18.066287799999994,49.485000001266599,0.0271053519,0.24504976,-0.07124383,0.966509342,316373.04128328688,0,0,0,2039
1418,1114192,427885568,59.349890599999995,18.066287799999994,49.485000001266599,0.0279441234,0.244970039,-0.0714603066,0.966489673,316373.14125887281,0,0,0,2039
1476,1114192,427885568,59.349890599999995,18.066287799999994,49.485000001266599,0.027920479,0.244965404,-0.0714543387,0.966491878,316373.24123445875,0,0,0,2039
1533,1114192,427885568,59.349890599999995,18.066287799999994,49.485000001266599,0.0285707545,0.24489978,-0.0715874806,0.966479659,316373.34121004469,0,0,0,2039
1590,1114192,427885568,59.349890599999995,18.066287799999994,49.485000001266599,0.0289631784,0.244855985,-0.071664609,0.96647346,316373.44127718336,0,0,0,2039
1649,1114192,427885568,59.349890599999995,18.066287799999994,49.485000001266599,0.0301091522,0.24476932,-0.0719744191,0.966437399,316373.5412527693,0,0,0,2039
1707,1114192,427885568,59.349890599999995,18.066287799999994,49.485000001266599,0.0301769804,0.244762421,-0.072003223,0.966434956,316373.64122835523,0,0,0,2039
1764,1114192,427885568,59.349890599999995,18.066287799999994,49.485000001266599,0.0301800333,0.244776756,-0.0720034018,0.966431141,316373.74120394117,0,0,0,2039
1823,1114192,427885568,59.349890599999995,18.066287799999994,49.485000001266599,0.0301382728,0.244771793,-0.071995005,0.96643424,316373.84127107984,0,0,0,2039
1887,1114192,427885568,59.349890599999995,18.066287799999994,49.485000001266599,0.0300547946,0.244768083,-0.0719616115,0.96644032,316373.94124666578,0,0,0,2039
1945,1114192,427885568,59.349890599999995,18.066287799999994,49.485000001266599,0.0304927863,0.244725212,-0.072056748,0.966430426,316374.04128328688,0,0,0,2039
2003,1114192,427885568,59.349890599999995,18.066287799999994,49.485000001266599,0.0298422128,0.244792357,-0.0718437135,0.966449618,316374.14125887281,0,0,0,2039
2058,1114192,427885568,59.349890599999995,18.066287799999994,49.485000001266599,0.0299833585,0.244764224,-0.0718828589,0.96644938,316374.24132601148,0,0,0,2039
2112,1114192,427885568,59.349890599999995,18.066287799999994,49.485000001266599,0.0304040052,0.244717568,-0.0720003545,0.966439366,316374.34130159742,0,0,0,2039
2170,1114192,427885568,59.349890599999995,18.066287799999994,49.485000001266599,0.0313561261,0.244654685,-0.0722414851,0.966406882,316374.44127718336,0,0,0,2039
2227,1114192,427885568,59.349890599999995,18.066287799999994,49.485000001266599,0.0314660221,0.24465023,-0.0722679421,0.966402411,316374.5412527693,0,0,0,2039
2284,1114195,427885568,59.349890599999995,18.066287799999994,49.485000001266599,0.0303170662,0.244811922,-0.0721827149,0.966404557,316374.64131990797,0,0,0,2039
2344,1114195,427885568,59.349890599999995,18.066287799999994,49.485000001266599,0.0295023564,0.244860426,-0.0719578788,0.9664343,316374.74129549391,0,0,0,2039
2400,1114207,427885568,59.349890599999995,18.066287799999994,49.485000001266599,0.0418691896,0.252301931,-0.0789649263,0.963511944,316374.84127107984,0,0,0,2039
2462,1114203,427885568,59.349890599999995,18.066287799999994,49.485000001266599,0.0414187945,0.245382413,-0.143965289,0.957781851,316374.94124666578,0,0,0,2039
2517,1114203,427885568,59.349890599999995,18.066287799999994,49.485000001266599,0.0617126562,0.176252112,-0.341200441,0.921254039,316375.04128328688,0,0,0,2039
2577,1114207,427885568,59.349890599999995,18.066287799999994,49.485000001266599,0.0465144105,0.139018685,-0.486115932,0.86151123,316375.14125887281,0,0,0,2039
2631,1114203,427885568,59.349890599999995,18.066287799999994,49.485000001266599,0.0251756106,0.121608205,-0.496791542,0.858938813,316375.24123445875,0,0,0,2039
2691,1114203,427885568,59.349890599999995,18.066287799999994,49.485000001266599,0.00052737369,0.156944394,-0.380751878,0.911260724,316375.34121004469,0,0,0,2039
2748,1114203,427885568,59.349890599999995,18.066287799999994,49.485000001266599,0.0330448858,0.19754988,-0.225960642,0.953322709,316375.44127718336,0,0,0,2039
2805,1114203,427885568,59.349890599999995,18.066287799999994,49.485000001266599,0.0568899922,0.230224848,-0.0930613726,0.967005551,316375.5412527693,0,0,0,2039
2862,1114207,427885568,59.349890599999995,18.066287799999994,49.485000001266599,0.0666377917,0.215775505,-0.11183849,0.967725396,316375.64122835523,0,0,0,2039
2922,1114207,427885568,59.349890599999995,18.066287799999994,49.485000001266599,0.0723753572,0.122077137,-0.307355702,0.94095242,316375.74120394117,0,0,0,2039
2980,1114207,427885568,59.349890599999995,18.066287799999994,49.485000001266599,0.0668435395,0.0631678775,-0.480916828,0.871929407,316375.84127107984,0,0,0,2039
3037,1114203,427885568,59.349890599999995,18.066287799999994,49.485000001266599,0.00615106104,0.0674112886,-0.518694639,0.852275729,316375.94124666578,0,0,0,2039
3089,1114203,427885568,59.349890599999995,18.066287799999994,49.485000001266599,-0.0280279536,0.0725715011,-0.432463259,0.898289204,316376.04128328688,0,0,0,2039
3150,1114203,427885568,59.349890599999995,18.066287799999994,49.485000001266599,-0.0187307112,0.121851303,-0.276982516,0.95293355,316376.14125887281,0,0,0,2039
3201,1114203,427885568,59.349890599999995,18.066287799999994,49.485000001266599,0.0567978509,0.155785471,-0.152326673,0.974321127,316376.24132601148,0,0,0,2039
3263,1114207,427885568,59.349890599999995,18.066287799999994,49.485000001266599,0.0584084541,0.142504439,-0.210661575,0.965351164,316376.34130159742,0,0,0,2039
3317,1114203,427885568,59.349890599999995,18.066287799999994,49.485000001266599,0.0486897901,0.0460134968,-0.39134106,0.917804062,316376.44127718336,0,0,0,2039
3376,1114203,427885568,59.349890599999995,18.066287799999994,49.485000001266599,0.010439978,-0.011212565,-0.516780257,0.855981171,316376.5412527693,0,0,0,2039
3429,1114203,427885568,59.349890599999995,18.066287799999994,49.485000001266599,-0.0124588199,-0.0465150662,-0.551932156,0.832497597,316376.64131990797,0,0,0,2039
3486,1114203,427885568,59.349890599999995,18.066287799999994,49.485000001266599,-0.0162053183,-0.0592102408,-0.523274124,0.849950492,316376.74129549391,0,0,0,2039
3541,1114203,427885568,59.349890599999995,18.066287799999994,49.485000001266599,-0.0254160669,-0.0662366003,-0.489215076,0.869273007,316376.84127107984,0,0,0,2039
3601,1114203,427885568,59.349890599999995,18.066287799999994,49.485000001266599,-0.0205081999,-0.0954285562,-0.473562986,0.875334918,316376.94124666578,0,0,0,2039
3654,1114203,427885568,59.349890599999995,18.066287799999994,49.485000001266599,-0.0808748305,-0.105114229,-0.47334224,0.87083739,316377.04137483961,0,0,0,2039
3711,1114203,427885568,59.349890599999995,18.066287799999994,49.485000001266599,-0.234578013,-0.0614310391,-0.478261292,0.844076931,316377.14135042555,0,0,0,2039
3765,1114207,427885568,59.349890599999995,18.066287799999994,49.485000001266599,-0.256674409,-0.00637805974,-0.463667452,0.847991884,316377.24132601148,0,0,0,2039
3824,1114207,427885568,59.349890599999995,18.066287799999994,49.485000001266599,-0.138535649,0.0467290692,-0.41219911,0.899286628,316377.34130159742,0,0,0,2039
3874,1114207,427885568,59.349890599999995,18.066287799999994,49.485000001266599,-0.27417469,0.0581764206,-0.409847707,0.86802572,316377.44136873609,0,0,0,2039
3932,1114207,427885568,59.349890599999995,18.066287799999994,49.485000001266599,-0.404866695,0.0292933732,-0.416626245,0.813417196,316377.54134432203,0,0,0,2039
3992,1114207,427885568,59.349890599999995,18.066287799999994,49.485000001266599,-0.258796811,0.0210129991,-0.429101914,0.86513263,316377.64131990797,0,0,0,2039
4049,1114207,427885568,59.349890599999995,18.066287799999994,49.485000001266599,-0.134317905,0.024003325,-0.413169563,0.900374115,316377.74129549391,0,0,0,2039
4105,1114207,427885568,59.349890599999995,18.066287799999994,49.485000001266599,-0.341177106,0.015030249,-0.41521734,0.843188584,316377.84136263258,0,0,0,2039
4166,1114207,427885568,59.349890599999995,18.066287799999994,49.485000001266599,-0.38413173,-0.022327628,-0.422229052,0.820772231,316377.94133821852,0,0,0,2039
4222,1114207,427885568,59.349890599999995,18.066287799999994,49.485000001266599,-0.136903569,0.0136981998,-0.418266386,0.89784354,316378.04128328688,0,0,0,2039
4282,1114207,427885568,59.349890599999995,18.066287799999994,49.485000001266599,0.0138868075,0.0471511111,-0.374720395,0.925834179,316378.14125887281,0,0,0,2039
4337,1114203,427885568,59.349890599999995,18.066287799999994,49.485000001266599,-0.0774982721,0.0834613815,-0.331318974,0.936619639,316378.24132601148,0,0,0,2039
4397,1114203,427885568,59.349890599999995,18.066287799999994,49.485000001266599,-0.109132864,0.0603810214,-0.273062617,0.953876913,316378.34130159742,0,0,0,2039
4456,1114207,427885568,59.349890599999995,18.066287799999994,49.485000001266599,-0.197765529,0.0359304473,-0.208670333,0.957107425,316378.44127718336,0,0,0,2039
4516,1114203,427885568,59.349890599999995,18.066287799999994,49.485000001266599,-0.349385858,0.00441384641,-0.221770361,0.910345018,316378.5412527693,0,0,0,2039
4574,1114207,427885568,59.349890599999995,18.066287799999994,49.485000001266599,-0.391110986,0.0207767785,-0.213815898,0.894920886,316378.64131990797,0,0,0,2039
4633,1114207,427885568,59.349890599999995,18.066287799999994,49.485000001266599,-0.18454361,0.0813458338,-0.203752369,0.958024859,316378.74129549391,0,0,0,2039
4692,1114207,427885568,59.349890599999995,18.066287799999994,49.485000001266599,-0.0324335359,0.117977984,-0.170479178,0.977735281,316378.84127107984,0,0,0,2039
4752,1114207,427885568,59.349890599999995,18.066287799999994,49.485000001266599,-0.198499933,0.110143133,-0.168279096,0.959243774,316378.94124666578,0,0,0,2039
4806,1114207,427885568,59.349890599999995,18.066287799999994,49.485000001266599,-0.428652763,0.109299079,-0.140215561,0.885804832,316379.04137483961,0,0,0,2039
4866,1114207,427885568,59.349890599999995,18.066287799999994,49.485000001266599,-0.355674773,0.131366313,-0.153810158,0.912458718,316379.14135042555,0,0,0,2039
4923,1114207,427885568,59.349890599999995,18.066287799999994,49.485000001266599,-0.0936573371,0.130043477,-0.179315016,0.970650852,316379.24132601148,0,0,0,2039
4981,1114207,427885568,59.349890599999995,18.066287799999994,49.485000001266599,-0.1906645,0.129989818,-0.16926609,0.958174765,316379.34130159742,0,0,0,2039
5039,1114207,427885568,59.349890599999995,18.066287799999994,49.485000001266599,-0.442313552,0.154164895,-0.135448411,0.873066783,316379.44136873609,0,0,0,2039
5097,1114207,427885568,59.349890599999995,18.066287799999994,49.485000001266599,-0.373556018,0.164279774,-0.153708667,0.899912179,316379.54134432203,0,0,0,2039
5155,1114207,427885568,59.349890599999995,18.066287799999994,49.485000001266599,-0.146712497,0.138064817,-0.164847121,0.965525329,316379.64131990797,0,0,0,2039
5216,1114207,427885568,59.349890599999995,18.066287799999994,49.485000001266599,-0.15917021,0.145490423,-0.162440076,0.962865889,316379.74129549391,0,0,0,2039
5272,1114207,427885568,59.349890599999995,18.066287799999994,49.485000001266599,-0.397211611,0.181491524,-0.123342194,0.891106427,316379.84127107984,0,0,0,2039
5333,1114207,427885568,59.349890599999995,18.066287799999994,49.485000001266599,-0.256596863,0.169734418,-0.155375227,0.938726187,316379.94133821852,0,0,0,2039
5384,1114207,427885568,59.349890599999995,18.066287799999994,49.485000001266599,-0.10225933,0.167764977,-0.144816071,0.969755769,316380.04128328688,0,0,0,2039
5448,1114207,427885568,59.349890599999995,18.066287799999994,49.485000001266599,-0.27769202,0.199710101,-0.116370797,0.932448864,316380.14125887281,0,0,0,2039
5503,1114207,427885568,59.349890599999995,18.066287799999994,49.485000001266599,-0.406974375,0.207756817,-0.102500558,0.883573771,316380.24132601148,0,0,0,2039
5564,1114207,427885568,59.349890599999995,18.066287799999994,49.485000001266599,-0.20387274,0.19597815,-0.141671747,0.94866097,316380.34130159742,0,0,0,2039
5621,1114207,427885568,59.349890599999995,18.066287799999994,49.485000001266599,-0.151540279,0.205656588,-0.148568034,0.955336869,316380.44127718336,0,0,0,2039
5680,1114203,427885568,59.349890599999995,18.066287799999994,49.485000001266599,-0.177139908,0.186792597,-0.259264082,0.930866301,316380.5412527693,0,0,0,2039
5738,1114207,427885568,59.349890599999995,18.066287799999994,49.485000001266599,-0.179734424,0.192152366,-0.399292022,0.878259063,316380.64131990797,0,0,0,2039
5799,1114203,427885568,59.349890599999995,18.066287799999994,49.485000001266599,-0.169163987,0.195719004,-0.459186852,0.849838376,316380.74129549391,0,0,0,2039
5857,1114203,427885568,59.349890599999995,18.066287799999994,49.485000001266599,-0.145768419,0.172330543,-0.404005319,0.886472464,316380.84127107984,0,0,0,2039
5915,1114203,427885568,59.349890599999995,18.066287799999994,49.485000001266599,-0.122145124,0.154662445,-0.284641922,0.93815738,316380.94124666578,0,0,0,2039
5971,1114207,427885568,59.349890599999995,18.066287799999994,49.485000001266599,-0.0986159816,0.159995183,-0.127988353,0.973804712,316381.04137483961,0,0,0,2039
6033,1114207,427885568,59.349890599999995,18.066287799999994,49.485000001266599,-0.0930946842,0.185023844,-0.0992053151,0.973271787,316381.14135042555,0,0,0,2039
6090,1114207,427885568,59.349890599999995,18.066287799999994,49.485000001266599,-0.0979847088,0.146134049,-0.288201034,0.941267312,316381.24132601148,0,0,0,2039
6148,1114203,427885568,59.349890599999995,18.066287799999994,49.485000001266599,-0.0951371416,0.121403575,-0.510742426,0.845785081,316381.34130159742,0,0,0,2039
6207,1114207,427885568,59.349890599999995,18.066287799999994,49.485000001266599,-0.107361957,0.131847665,-0.617453635,0.768010795,316381.44136873609,0,0,0,2039
6264,1114203,427885568,59.349890599999995,18.066287799999994,49.485000001266599,-0.121740356,0.12098904,-0.574629068,0.800214052,316381.54134432203,0,0,0,2039
6319,1114207,427885568,59.349890599999995,18.066287799999994,49.485000001266599,-0.120597832,0.114257723,-0.426227897,0.889230728,316381.64131990797,0,0,0,2039
6378,1114207,427885568,59.349890599999995,18.066287799999994,49.485000001266599,-0.123895623,0.137486175,-0.246573672,0.951288104,316381.74129549391,0,0,0,2039
6435,1114207,427885568,59.349890599999995,18.066287799999994,49.485000001266599,-0.0609536842,0.162769496,-0.1220598,0.977185786,316381.84127107984,0,0,0,2039
6495,1114207,427885568,59.349890599999995,18.066287799999994,49.485000001266599,-0.0995993465,0.15724501,-0.22858417,0.955564439,316381.94133821852,0,0,0,2039
6550,1114203,427885568,59.349890599999995,18.066287799999994,49.485000001266599,-0.110544965,0.135995567,-0.464295179,0.868167639,316382.04128328688,0,0,0,2039
6611,1114203,427885568,59.349890599999995,18.066287799999994,49.485000001266599,-0.142156884,0.149855852,-0.613646388,0.762084544,316382.14125887281,0,0,0,2039
6669,1114207,427885568,59.349890599999995,18.066287799999994,49.485000001266599,-0.12816529,0.142135739,-0.625405848,0.756464601,316382.24123445875,0,0,0,2039
6728,1114203,427885568,59.349890599999995,18.066287799999994,49.485000001266599,-0.126284674,0.12355344,-0.504797399,0.844965339,316382.34130159742,0,0,0,2039
6782,1114203,427885568,59.349890599999995,18.066287799999994,49.485000001266599,-0.117997527,0.134276405,-0.307871103,0.934484959,316382.44127718336,0,0,0,2039
6843,1114207,427885568,59.349890599999995,18.066287799999994,49.485000001266599,-0.0826948285,0.22350727,-0.0929924324,0.966725647,316382.5412527693,0,0,0,2039
6897,1114207,427885568,59.349890599999995,18.066287799999994,49.485000001266599,-0.0348412804,0.219582424,-0.0669405609,0.972670972,316382.64122835523,0,0,0,2039
6952,1114203,427885568,59.349890599999995,18.066287799999994,49.485000001266599,-0.138302013,0.24445346,-0.0423326865,0.958813369,316382.74129549391,0,0,0,2039
7011,1114203,427885568,59.349890599999995,18.066287799999994,49.485000001266599,-0.148215115,0.243173033,-0.0373673551,0.957863688,316382.84127107984,0,0,0,2039
7071,1114203,427885568,59.349890599999995,18.066287799999994,49.485000001266599,-0.246206656,0.252768129,-0.0111908512,0.935609698,316382.94124666578,0,0,0,2039
7122,1114203,427885568,59.349890599999995,18.066287799999994,49.485000001266599,-0.143179476,0.248134881,-0.0371569432,0.957365215,316383.04128328688,0,0,0,2039
7182,1114203,427885568,59.349890599999995,18.066287799999994,49.485000001266599,-0.138109371,0.248078138,-0.0383290872,0.958078206,316383.14135042555,0,0,0,2039
7237,1114203,427885568,59.349890599999995,18.066287799999994,49.485000001266599,-0.142184615,0.248248994,-0.0369032845,0.957493722,316383.24132601148,0,0,0,2039
7297,1114203,427885568,59.349890599999995,18.066287799999994,49.485000001266599,-0.146521211,0.248646051,-0.0356932208,0.95678252,316383.34130159742,0,0,0,2039
7349,1114203,427885568,59.349890599999995,18.066287799999994,49.485000001266599,-0.152345479,0.248644248,-0.0339004397,0.955938101,316383.44127718336,0,0,0,2039
7409,1114195,427885568,59.349890599999995,18.066287799999994,49.485000001266599,-0.151519015,0.24857159,-0.0340638757,0.956082642,316383.54134432203,0,0,0,2039
7467,1114195,427885568,59.349890599999995,18.066287799999994,49.485000001266599,-0.157148555,0.248922229,-0.0326671116,0.955130875,316383.64131990797,0,0,0,2039
7527,1114203,427885568,59.349890599999995,18.066287799999994,49.485000001266599,-0.160589471,0.249225184,-0.0316302218,0.954514265,316383.74129549391,0,0,0,2039
7583,1114195,427885568,59.349890599999995,18.066287799999994,49.485000001266599,-0.157967612,0.248933375,-0.0322126374,0.955008268,316383.84127107984,0,0,0,2039
7646,1114195,427885568,59.349890599999995,18.066287799999994,49.485000001266599,-0.159553215,0.248998448,-0.0318072252,0.954741418,316383.94133821852,0,0,0,2039
7706,1114203,427885568,59.349890599999995,18.066287799999994,49.485000001266599,-0.160488039,0.249048248,-0.0314621106,0.954583049,316384.04128328688,0,0,0,2039
7768,1114195,427885568,59.349890599999995,18.066287799999994,49.485000001266599,-0.158815533,0.248953044,-0.0318901911,0.954873323,316384.14123860805,0,0,0,2039
7821,1114203,427885568,59.349890599999995,18.066287799999994,49.485000001266599,-0.159931764,0.249113619,-0.0315627679,0.954656005,316384.24123445875,0,0,0,2039
7882,1114195,427885568,59.349890599999995,18.066287799999994,49.485000001266599,-0.158096999,0.248965457,-0.0320275798,0.954984725,316384.34130159742,0,0,0,2039
7936,1114195,427885568,59.349890599999995,18.066287799999994,49.485000001266599,-0.157308415,0.248932987,-0.0322536193,0.955115855,316384.44127718336,0,0,0,2039
7995,1114195,427885568,59.349890599999995,18.066287799999994,49.485000001266599,-0.157859042,0.249126524,-0.0321107022,0.95497942,316384.5412527693,0,0,0,2039
8055,1114195,427885568,59.349890599999995,18.066287799999994,49.485000001266599,-0.156560674,0.249000117,-0.0324005485,0.955216289,316384.64122835523,0,0,0,2039
8114,1114195,427885568,59.349890599999995,18.066287799999994,49.485000001266599,-0.155169845,0.248898596,-0.0327448286,0.955457866,316384.74129549391,0,0,0,2039
8171,1114193,427885568,59.349890599999995,18.066287799999994,49.485000001266599,-0.154166281,0.248852775,-0.0330372341,0.955622137,316384.84127107984,0,0,0,2039
8230,1114192,427885568,59.349890599999995,18.066287799999994,49.485000001266599,-0.152699709,0.248765126,-0.0334220529,0.955866992,316384.94124666578,0,0,0,2039
8285,1114192,427885568,59.349890599999995,18.066287799999994,49.485000001266599,-0.151360586,0.24871172,-0.0337983929,0.956080735,316385.04128328688,0,0,0,2039
8346,1114203,427885568,59.349890599999995,18.066287799999994,49.485000001266599,-0.151359081,0.248767689,-0.0337655433,0.956067622,316385.14135042555,0,0,0,2039
8404,1114195,427885568,59.349890599999995,18.066287799999994,49.485000001266599,-0.150492683,0.24868536,-0.0339541212,0.956218958,316385.24132601148,0,0,0,2039
8462,1114195,427885568,59.349890599999995,18.066287799999994,49.485000001266599,-0.149704933,0.248654768,-0.0341602266,0.956343353,316385.34130159742,0,0,0,2039
8518,1114192,427885568,59.349890599999995,18.066287799999994,49.485000001266599,-0.149096891,0.248632252,-0.0343097486,0.95643878,316385.44127718336,0,0,0,2039
8579,1114192,427885568,59.349890599999995,18.066287799999994,49.485000001266599,-0.148340762,0.248636276,-0.0345072523,0.956548274,316385.54134432203,0,0,0,2039
8635,1114192,427885568,59.349890599999995,18.066287799999994,49.485000001266599,-0.147951618,0.248630211,-0.0346165635,0.95660615,316385.64131990797,0,0,0,2039
8694,1114192,427885568,59.349890599999995,18.066287799999994,49.485000001266599,-0.147034556,0.24861145,-0.0348837636,0.956742644,316385.74129549391,0,0,0,2039
8752,1114192,427885568,59.349890599999995,18.066287799999994,49.485000001266599,-0.146650642,0.248605043,-0.0349686332,0.956800222,316385.84127107984,0,0,0,2039
8807,1114192,427885568,59.349890599999995,18.066287799999994,49.485000001266599,-0.145709276,0.248592034,-0.0352152102,0.956938267,316385.94133821852,0,0,0,2039
8862,1114192,427885568,59.349890599999995,18.066287799999994,49.485000001266599,-0.14443776,0.248523518,-0.0355669521,0.957135737,316386.04128328688,0,0,0,2039
8923,1114192,427885568,59.349890599999995,18.066287799999994,49.485000001266599,-0.143012241,0.248438746,-0.035961628,0.957357049,316386.14125887281,0,0,0,2039
8979,1114192,427885568,59.349890599999995,18.066287799999994,49.485000001266599,-0.141827837,0.248388007,-0.0362822004,0.957534432,316386.24123445875,0,0,0,2039
9039,1114192,427885568,59.349890599999995,18.066287799999994,49.485000001266599,-0.141272023,0.248362958,-0.0364641696,0.957616091,316386.34130159742,0,0,0,2039
9098,1114192,427885568,59.349890599999995,18.066287799999994,49.485000001266599,-0.141774416,0.248371914,-0.0363082364,0.957545459,316386.44127718336,0,0,0,2039
9158,1114203,427885568,59.349890599999995,18.066287799999994,49.485000001266599,-0.143235788,0.248360232,-0.035796877,0.957350135,316386.5412527693,0,0,0,2039
9210,1114195,427885568,59.349890599999995,18.066287799999994,49.485000001266599,-0.143230677,0.24851647,-0.035781499,0.957310975,316386.64122835523,0,0,0,2039
9267,1114195,427885568,59.349890599999995,18.066287799999994,49.485000001266599,-0.14265804,0.248534918,-0.0359295458,0.957386255,316386.74129549391,0,0,0,2039
9325,1114195,427885568,59.349890599999995,18.066287799999994,49.485000001266599,-0.14266862,0.248540968,-0.0359386615,0.957382739,316386.84127107984,0,0,0,2039
9383,1114195,427885568,59.349890599999995,18.066287799999994,49.485000001266599,-0.142217979,0.248478875,-0.0360796228,0.957460523,316386.94124666578,0,0,0,2039
9438,1114195,427885568,59.349890599999995,18.066287799999994,49.485000001266599,-0.143073395,0.248465315,-0.0358619839,0.95734477,316387.04128328688,0,0,0,2039
9498,1114195,427885568,59.349890599999995,18.066287799999994,49.485000001266599,-0.143051565,0.248492405,-0.0357960165,0.957343519,316387.14135042555,0,0,0,2039
9555,1114195,427885568,59.349890599999995,18.066287799999994,49.485000001266599,-0.142747685,0.24847272,-0.0358731337,0.957391024,316387.24132601148,0,0,0,2039
9612,1114192,427885568,59.349890599999995,18.066287799999994,49.485000001266599,-0.142781511,0.248468906,-0.035873685,0.957386911,316387.34130159742,0,0,0,2039
9667,1114194,427885568,59.349890599999995,18.066287799999994,49.485000001266599,-0.142096356,0.24844107,-0.0360527076,0.957489491,316387.44127718336,0,0,0,2039
9723,1114194,427885568,59.349890599999995,18.066287799999994,49.485000001266599,-0.14165321,0.248461127,-0.0361784734,0.957545042,316387.54134432203,0,0,0,2039
9782,1114195,427885568,59.349890599999995,18.066287799999994,49.485000001266599,-0.141073257,0.248483598,-0.0363329053,0.957619071,316387.64131990797,0,0,0,2039
9839,1114193,427885568,59.349890599999995,18.066287799999994,49.485000001266599,-0.142061427,0.248510838,-0.0360527746,0.957476437,316387.74129549391,0,0,0,2039
9893,1114193,427885568,59.349890599999995,18.066287799999994,49.485000001266599,-0.141870126,0.248476192,-0.0360617004,0.957513511,316387.84127107984,0,0,0,2039
9948,1114192,427885568,59.349890599999995,18.066287799999994,49.485000001266599,-0.141651392,0.248460144,-0.0361277908,0.957547545,316387.94133821852,0,0,0,2039
10001,1114192,427885568,59.349890599999995,18.066287799999994,49.485000001266599,-0.141825303,0.248461097,-0.0360918827,0.957522929,316388.04128328688,0,0,0,2039
10062,1114192,427885568,59.349890599999995,18.066287799999994,49.485000001266599,-0.142016411,0.248478323,-0.0360358059,0.957492292,316388.14125887281,0,0,0,2039
10119,1114192,427885568,59.349890599999995,18.066287799999994,49.485000001266599,-0.14116174,0.248465121,-0.036277391,0.957612991,316388.24123445875,0,0,0,2039
10178,1114192,427885568,59.349890599999995,18.066287799999994,49.485000001266599,-0.14001216,0.248411641,-0.0365729667,0.957784295,316388.34130159742,0,0,0,2039
10235,1114192,427885568,59.349890599999995,18.066287799999994,49.485000001266599,-0.139304429,0.248377651,-0.0367459729,0.957889676,316388.44127718336,0,0,0,2039
10294,1114192,427885568,59.349890599999995,18.066287799999994,49.485000001266599,-0.13824068,0.248327047,-0.0370292887,0.958046138,316388.5412527693,0,0,0,2039
10351,1114192,427885568,59.349890599999995,18.066287799999994,49.485000001266599,-0.137803018,0.248299688,-0.037164256,0.958110929,316388.64122835523,0,0,0,2039
10409,1114192,427885568,59.349890599999995,18.066287799999994,49.485000001266599,-0.137494177,0.248263165,-0.0372431688,0.958161652,316388.74129549391,0,0,0,2039
10466,1114192,427885568,59.349890599999995,18.066287799999994,49.485000001266599,-0.137468308,0.248260424,-0.0372470319,0.958165944,316388.84127107984,0,0,0,2039
10526,1114194,427885568,59.349890599999995,18.066287799999994,49.485000001266599,-0.137970626,0.248277619,-0.0371133685,0.958094478,316388.94124666578,0,0,0,2039
10582,1114195,427885568,59.349890599999995,18.066287799999994,49.485000001266599,-0.137863025,0.248294011,-0.0371428914,0.95810467,316389.04128328688,0,0,0,2039
10640,1114195,427885568,59.349890599999995,18.066287799999994,49.485000001266599,-0.138570428,0.248332351,-0.0369412266,0.958000302,316389.14135042555,0,0,0,2039
10698,1114195,427885568,59.349890599999995,18.066287799999994,49.485000001266599,-0.137227297,0.248336822,-0.0373112485,0.958178163,316389.24132601148,0,0,0,2039
10754,1114193,427885568,59.349890599999995,18.066287799999994,49.485000001266599,-0.136249065,0.248268142,-0.037576247,0.958325267,316389.34130159742,0,0,0,2039
10810,1114195,427885568,59.349890599999995,18.066287799999994,49.485000001266599,-0.137049049,0.248340815,-0.0373757556,0.958200216,316389.44127718336,0,0,0,2039
10873,1114203,427885568,59.349890599999995,18.066287799999994,49.485000001266599,-0.138331965,0.248423472,-0.0370190367,0.95800823,316389.54134432203,0,0,0,2039
10926,1114195,427885568,59.349890599999995,18.066287799999994,49.485000001266599,-0.137404144,0.24836129,-0.0372490995,0.958148956,316389.64131990797,0,0,0,2039
10987,1114195,427885568,59.349890599999995,18.066287799999994,49.485000001266599,-0.136608809,0.248271108,-0.0374607146,0.958277762,316389.74129549391,0,0,0,2039
11047,1114195,427885568,59.349890599999995,18.066287799999994,49.485000001266599,-0.137423754,0.24824138,-0.0372412428,0.958177447,316389.84127107984,0,0,0,2039
11103,1114195,427885568,59.349890599999995,18.066287799999994,49.485000001266599,-0.138357863,0.248309687,-0.036974933,0.958035707,316389.94133821852,0,0,0,2039
11158,1114195,427885568,59.349890599999995,18.066287799999994,49.485000001266599,-0.137544125,0.248287082,-0.0371880122,0.958150506,316390.04137483961,0,0,0,2039
11217,1114192,427885568,59.349890599999995,18.066287799999994,49.485000001266599,-0.137812003,0.248272628,-0.0371003449,0.958119094,316390.14135042555,0,0,0,2039
11275,1114192,427885568,59.349890599999995,18.066287799999994,49.485000001266599,-0.137980789,0.248319104,-0.0370508693,0.958084702,316390.24132601148,0,0,0,2039
11332,1114192,427885568,59.349890599999995,18.066287799999994,49.485000001266599,-0.137162909,0.248291254,-0.0372785702,0.958200634,316390.34139315016,0,0,0,2039
11387,1114192,427885568,59.349890599999995,18.066287799999994,49.485000001266599,-0.136388898,0.248262271,-0.0374814346,0.958310664,316390.44136873609,0,0,0,2039
11447,1114192,427885568,59.349890599999995,18.066287799999994,49.485000001266599,-0.135281473,0.248221308,-0.0377609767,0.958467185,316390.54134432203,0,0,0,2039
11501,1114192,427885568,59.349890599999995,18.066287799999994,49.485000001266599,-0.135030463,0.248178229,-0.0377940871,0.958512485,316390.64131990797,0,0,0,2039
11562,1114192,427885568,59.349890599999995,18.066287799999994,49.485000001266599,-0.135057971,0.248179793,-0.0377670154,0.958509207,316390.74138704664,0,0,0,2039
11623,1114192,427885568,59.349890599999995,18.066287799999994,49.485000001266599,-0.135285676,0.248202443,-0.0377156623,0.958473325,316390.84136263258,0,0,0,2039
11682,1114192,427885568,59.349890599999995,18.066287799999994,49.485000001266599,-0.135515451,0.248229295,-0.0376471356,0.958436549,316390.94133821852,0,0,0,2039
11740,1114192,427885568,59.349890599999995,18.066287799999994,49.485000001266599,-0.135100931,0.248216107,-0.0377670899,0.958493829,316391.04128328688,0,0,0,2039
11798,1114192,427885568,59.349890599999995,18.066287799999994,49.485000001266599,-0.13390252,0.248200119,-0.0380762108,0.958653808,316391.14135042555,0,0,0,2039
11854,1114194,427885568,59.349890599999995,18.066287799999994,49.485000001266599,-0.13428922,0.248226672,-0.0379770286,0.958596766,316391.24132601148,0,0,0,2039
11909,1114195,427885568,59.349890599999995,18.066287799999994,49.485000001266599,-0.133533821,0.248196483,-0.0381789804,0.958702087,316391.34130159742,0,0,0,2039
11966,1114195,427885568,59.349890599999995,18.066287799999994,49.485000001266599,-0.133075103,0.248118773,-0.0382765755,0.958782077,316391.44127718336,0,0,0,2039
12024,1114195,427885568,59.349890599999995,18.066287799999994,49.485000001266599,-0.133404359,0.248113602,-0.0381792523,0.958741605,316391.54134432203,0,0,0,2039
12080,1114195,427885568,59.349890599999995,18.066287799999994,49.485000001266599,-0.132134542,0.248035297,-0.0385450162,0.958923042,316391.64131990797,0,0,0,2039
12140,1114179,427885568,59.349890599999995,18.066287799999994,49.485000001266599,-0.131946668,0.24801515,-0.0385882519,0.958952427,316391.74129549391,0,0,0,2039
12194,1114179,427885568,59.349890599999995,18.066287799999994,49.485000001266599,-0.130587131,0.247950971,-0.0389239714,0.959141612,316391.84127107984,0,0,0,2039
12253,1114177,427885568,59.349890599999995,18.066287799999994,49.485000001266599,-0.129986927,0.24791868,-0.039090544,0.959224582,316391.94133821852,0,0,0,2039
12311,1114176,427885568,59.349890599999995,18.066287799999994,49.485000001266599,-0.130479157,0.247926384,-0.0389547981,0.959161162,316392.04137483961,0,0,0,2039
12371,1114176,427885568,59.349890599999995,18.066287799999994,49.485000001266599,-0.130491361,0.247936845,-0.0389540829,0.95915705,316392.14135042555,0,0,0,2039
12429,1114177,427885568,59.349890599999995,18.066287799999994,49.485000001266599,-0.129844382,0.247903854,-0.0391271897,0.959246218,316392.24132601148,0,0,0,2039
12485,1114177,427885568,59.349890599999995,18.066287799999994,49.485000001266599,-0.129581511,0.247900739,-0.0392037071,0.959279418,316392.34139315016,0,0,0,2039
12542,1114177,427885568,59.349890599999995,18.066287799999994,49.485000001266599,-0.130432636,0.247952953,-0.038962692,0.959160447,316392.44136873609,0,0,0,2039
12599,1114176,427885568,59.349890599999995,18.066287799999994,49.485000001266599,-0.129999444,0.247933075,-0.0390816666,0.959219575,316392.54134432203,0,0,0,2039
12650,1114176,427885568,59.349890599999995,18.066287799999994,49.485000001266599,-0.12976642,0.247895658,-0.0391635709,0.959257424,316392.64131990797,0,0,0,2039
12701,1114178,427885568,59.349890599999995,18.066287799999994,49.485000001266599,-0.130004063,0.247882903,-0.0390807986,0.959231913,316392.74138704664,0,0,0,2039
12758,1114179,427885568,59.349890599999995,18.066287799999994,49.485000001266599,-0.130431846,0.247901529,-0.0389577188,0.959174037,316392.84136263258,0,0,0,2039
12818,1114179,427885568,59.349890599999995,18.066287799999994,49.485000001266599,-0.130805314,0.247936964,-0.0388659276,0.959117711,316392.94133821852,0,0,0,2039
12870,1114176,427885568,59.349890599999995,18.066287799999994,49.485000001266599,-0.131095454,0.247955024,-0.0387967341,0.959076226,316393.04128328688,0,0,0,2039
12930,1114192,427885568,59.349890599999995,18.066287799999994,49.485000001266599,-0.131390095,0.24798815,-0.038703002,0.959031105,316393.14135042555,0,0,0,2039
12984,1114192,427885568,59.349890599999995,18.066287799999994,49.485000001266599,-0.132118896,0.248021275,-0.0385183655,0.958929956,316393.24132601148,0,0,0,2039
13043,1114192,427885568,59.349890599999995,18.066287799999994,49.485000001266599,-0.132479683,0.248034164,-0.0384176373,0.958880901,316393.34130159742,0,0,0,2039
13101,1114192,427885568,59.349890599999995,18.066287799999994,49.485000001266599,-0.133403614,0.248087287,-0.0381834283,0.958748341,316393.44127718336,0,0,0,2039
13161,1114192,427885568,59.349890599999995,18.066287799999994,49.485000001266599,-0.133636355,0.248110786,-0.0381177589,0.958712399,316393.54134432203,0,0,0,2039
13217,1114192,427885568,59.349890599999995,18.066287799999994,49.485000001266599,-0.132966578,0.248091042,-0.0382956304,0.958803654,316393.64131990797,0,0,0,2039
13274,1114192,427885568,59.349890599999995,18.066287799999994,49.485000001266599,-0.131795108,0.248016,-0.0386202931,0.958971739,316393.74129549391,0,0,0,2039
13328,1114192,427885568,59.349890599999995,18.066287799999994,49.485000001266599,-0.131160021,0.248020127,-0.0387803726,0.959051251,316393.84127107984,0,0,0,2039
13390,1114192,427885568,59.349890599999995,18.066287799999994,49.485000001266599,-0.13150011,0.248047039,-0.0386925228,0.959001362,316393.94133821852,0,0,0,2039
13451,1114192,427885568,59.349890599999995,18.066287799999994,49.485000001266599,-0.130771548,0.247985974,-0.0388996415,0.959108233,316394.04146639234,0,0,0,2039
13511,1114192,427885568,59.349890599999995,18.066287799999994,49.485000001266599,-0.131130382,0.248006821,-0.0387957133,0.959058166,316394.14131551306,0,0,0,2039
13566,1114192,427885568,59.349890599999995,18.066287799999994,49.485000001266599,-0.131655082,0.248022422,-0.0386718549,0.958987117,316394.24132601148,0,0,0,2039
13624,1114176,427885568,59.349890599999995,18.066287799999994,49.485000001266599,-0.133063659,0.248081937,-0.0382994525,0.958792388,316394.34139315016,0,0,0,2039
13679,1114176,427885568,59.349890599999995,18.066287799999994,49.485000001266599,-0.13324219,0.248081535,-0.0382557437,0.958769441,316394.44136873609,0,0,0,2039
13740,1114176,427885568,59.349890599999995,18.066287799999994,49.485000001266599,-0.133779928,0.248097539,-0.0381259583,0.958695531,316394.54134432203,0,0,0,2039
13793,1114176,427885568,59.349890599999995,18.066287799999994,49.485000001266599,-0.13329123,0.248069733,-0.038265612,0.958765268,316394.64131990797,0,0,0,2039
13850,1114176,427885568,59.349890599999995,18.066287799999994,49.485000001266599,-0.131446511,0.247966573,-0.038748391,0.959027052,316394.74138704664,0,0,0,2039
13907,1114176,427885568,59.349890599999995,18.066287799999994,49.485000001266599,-0.132003814,0.247990564,-0.038589038,0.958950877,316394.84136263258,0,0,0,2039
13964,1114192,427885568,59.349890599999995,18.066287799999994,49.485000001266599,-0.132184297,0.247993484,-0.0385126919,0.958928287,316394.94133821852,0,0,0,2039
14023,1114192,427885568,59.349890599999995,18.066287799999994,49.485000001266599,-0.131966144,0.247994229,-0.038570378,0.958955824,316395.04128328688,0,0,0,2039
14083,1114176,427885568,59.349890599999995,18.066287799999994,49.485000001266599,-0.132063553,0.247992679,-0.0385077819,0.958945274,316395.14135042555,0,0,0,2039
14132,1114176,427885568,59.349890599999995,18.066287799999994,49.485000001266599,-0.13195008,0.248004779,-0.0385512076,0.958956003,316395.24132601148,0,0,0,2039
14190,1114176,427885568,59.349890599999995,18.066287799999994,49.485000001266599,-0.131582677,0.247998282,-0.0386531688,0.959004164,316395.34130159742,0,0,0,2039
14244,1114176,427885568,59.349890599999995,18.066287799999994,49.485000001266599,-0.131200522,0.247995511,-0.0387839861,0.959051847,316395.44127718336,0,0,0,2039
14304,1114176,427885568,59.349890599999995,18.066287799999994,49.485000001266599,-0.130813181,0.247980833,-0.0388847925,0.959104478,316395.54134432203,0,0,0,2039
14360,1114176,427885568,59.349890599999995,18.066287799999994,49.485000001266599,-0.131419733,0.248005912,-0.0387170464,0.959021986,316395.64131990797,0,0,0,2039
14421,1114176,427885568,59.349890599999995,18.066287799999994,49.485000001266599,-0.131097108,0.247996673,-0.038724713,0.959068179,316395.74129549391,0,0,0,2039
14475,1114176,427885568,59.349890599999995,18.066287799999994,49.485000001266599,-0.13030602,0.247972384,-0.0388863496,0.959175766,316395.84127107984,0,0,0,2039
14537,1114176,427885568,59.349890599999995,18.066287799999994,49.485000001266599,-0.130161792,0.247964859,-0.0389284901,0.959195495,316395.94133821852,0,0,0,2039
14594,1114176,427885568,59.349890599999995,18.066287799999994,49.485000001266599,-0.12912108,0.247902274,-0.0392010473,0.959341228,316396.04137483961,0,0,0,2039
14651,1114176,427885568,59.349890599999995,18.066287799999994,49.485000001266599,-0.128177017,0.247854665,-0.0394539014,0.959469736,316396.14135042555,0,0,0,2039
14708,1114176,427885568,59.349890599999995,18.066287799999994,49.485000001266599,-0.126437441,0.247788832,-0.0399186239,0.959698439,316396.24132601148,0,0,0,2039
14766,1114191,427885568,59.349890599999995,18.066287799999994,49.485000001266599,-0.133320302,0.208607927,-0.0293998905,0.968423605,316396.34139315016,0,0,0,2039
14822,1114191,427885568,59.349890599999995,18.066287799999994,49.485000001266599,-0.149151176,0.253441274,-0.0320209861,0.955246627,316396.44136873609,0,0,0,2039
14880,1114187,427885568,59.349890599999995,18.066287799999994,49.485000001266599,-0.173654318,0.246586755,-0.0249747578,0.95310837,316396.54134432203,0,0,0,2039
14935,1114187,427885568,59.349890599999995,18.066287799999994,49.485000001266599,-0.20325844,0.228849575,-0.0361943506,0.951317012,316396.64131990797,0,0,0,2039
14995,1114187,427885568,59.349890599999995,18.066287799999994,49.485000001266599,-0.208676919,0.254374772,-0.15486224,0.931539237,316396.74138704664,0,0,0,2039
15052,1114187,427885568,59.349890599999995,18.066287799999994,49.485000001266599,-0.204986632,0.296797603,-0.299203604,0.883385003,316396.84136263258,0,0,0,2039
15109,1114187,427885568,59.349890599999995,18.066287799999994,49.485000001266599,-0.291217715,0.281540304,-0.397658348,0.823283195,316396.94133821852,0,0,0,2039
15169,1114191,427885568,59.349890599999995,18.066287799999994,49.485000001266599,-0.295073986,0.278232336,-0.420838356,0.811426759,316397.04128328688,0,0,0,2039
15224,1114191,427885568,59.349890599999995,18.066287799999994,49.485000001266599,-0.129710525,0.375531912,-0.363007843,0.842838287,316397.14135042555,0,0,0,2039
15280,1114191,427885568,59.349890599999995,18.066287799999994,49.485000001266599,-0.0928685665,0.362199962,-0.353625804,0.857400477,316397.24132601148,0,0,0,2039
15338,1114187,427885568,59.349890599999995,18.066287799999994,49.485000001266599,-0.22022967,0.291833937,-0.407400638,0.836873114,316397.34130159742,0,0,0,2039
15395,1114191,427885568,59.349890599999995,18.066287799999994,49.485000001266599,-0.247246578,0.240247697,-0.443627506,0.827251494,316397.44127718336,0,0,0,2039
15456,1114187,427885568,59.349890599999995,18.066287799999994,49.485000001266599,-0.118146844,0.254966557,-0.422207713,0.861843407,316397.54134432203,0,0,0,2039
15513,1114191,427885568,59.349890599999995,18.066287799999994,49.485000001266599,-0.11021769,0.290421247,-0.419661403,0.852872789,316397.64131990797,0,0,0,2039
15574,1114187,427885568,59.349890599999995,18.066287799999994,49.485000001266599,-0.203979775,0.25981158,-0.463029712,0.822492361,316397.74129549391,0,0,0,2039
15632,1114187,427885568,59.349890599999995,18.066287799999994,49.485000001266599,-0.321890354,0.20445314,-0.498943061,0.778229713,316397.84127107984,0,0,0,2039
15689,1114191,427885568,59.349890599999995,18.066287799999994,49.485000001266599,-0.275219887,0.222066402,-0.489641428,0.796989322,316397.94133821852,0,0,0,2039
15745,1114187,427885568,59.349890599999995,18.066287799999994,49.485000001266599,-0.092134051,0.298601002,-0.434312403,0.844820559,316398.04137483961,0,0,0,2039
15809,1114191,427885568,59.349890599999995,18.066287799999994,49.485000001266599,-0.0889434218,0.306478113,-0.42198056,0.848582745,316398.14135042555,0,0,0,2039
15867,1114187,427885568,59.349890599999995,18.066287799999994,49.485000001266599,-0.267591685,0.197747827,-0.491056859,0.805079997,316398.24132601148,0,0,0,2039
15923,1114191,427885568,59.349890599999995,18.066287799999994,49.485000001266599,-0.338707745,0.138824508,-0.529061854,0.76557076,316398.34139315016,0,0,0,2039
15979,1114191,427885568,59.349890599999995,18.066287799999994,49.485000001266599,-0.186069608,0.225085437,-0.482590437,0.825724602,316398.44136873609,0,0,0,2039
16040,1114191,427885568,59.349890599999995,18.066287799999994,49.485000001266599,-0.0623779371,0.322148561,-0.409019679,0.851488352,316398.54134432203,0,0,0,2039
16096,1114191,427885568,59.349890599999995,18.066287799999994,49.485000001266599,-0.171951503,0.282351136,-0.441187024,0.834304929,316398.64131990797,0,0,0,2039
16157,1114187,427885568,59.349890599999995,18.066287799999994,49.485000001266599,-0.328041017,0.194013357,-0.508425534,0.772173226,316398.74138704664,0,0,0,2039
16214,1114191,427885568,59.349890599999995,18.066287799999994,49.485000001266599,-0.240338042,0.228051975,-0.490037739,0.806283474,316398.84136263258,0,0,0,2039
16275,1114191,427885568,59.349890599999995,18.066287799999994,49.485000001266599,-0.0899006277,0.293980271,-0.423148245,0.852314055,316398.94133821852,0,0,0,2039
16332,1114187,427885568,59.349890599999995,18.066287799999994,49.485000001266599,-0.108066089,0.281032324,-0.428409487,0.851943612,316399.04128328688,0,0,0,2039
16389,1114187,427885568,59.349890599999995,18.066287799999994,49.485000001266599,-0.0449201576,0.232416302,-0.453828424,0.85907203,316399.14135042555,0,0,0,2039
16443,1114187,427885568,59.349890599999995,18.066287799999994,49.485000001266599,-0.049380485,0.234645426,-0.453970164,0.858145833,316399.24132601148,0,0,0,2039
16502,1114187,427885568,59.349890599999995,18.066287799999994,49.485000001266599,-0.0183733515,0.21430257,-0.463610381,0.859536231,316399.34130159742,0,0,0,2039
16558,1114187,427885568,59.349890599999995,18.066287799999994,49.485000001266599,-0.0174690578,0.212973431,-0.464470178,0.859421134,316399.44127718336,0,0,0,2039
16615,1114187,427885568,59.349890599999995,18.066287799999994,49.485000001266599,-0.036911346,0.221543714,-0.46021983,0.858925998,316399.54134432203,0,0,0,2039
16673,1114191,427885568,59.349890599999995,18.066287799999994,49.485000001266599,-0.141071394,0.192116931,-0.490850031,0.83800739,316399.64131990797,0,0,0,2039
16733,1114187,427885568,59.349890599999995,18.066287799999994,49.485000001266599,-0.297840595,0.0953054205,-0.54044646,0.78110534,316399.74129549391,0,0,0,2039
16787,1114191,427885568,59.349890599999995,18.066287799999994,49.485000001266599,-0.272267103,0.0820507929,-0.550164819,0.785147846,316399.84127107984,0,0,0,2039
16844,1114191,427885568,59.349890599999995,18.066287799999994,49.485000001266599,-0.0642836019,0.249097973,-0.463048518,0.848176837,316399.94124666578,0,0,0,2039
16899,1114191,427885568,59.349890599999995,18.066287799999994,49.485000001266599,-0.0111933518,0.290151954,-0.422088593,0.858794451,316400.04137483961,0,0,0,2039
16960,1114191,427885568,59.349890599999995,18.066287799999994,49.485000001266599,-0.196172178,0.180799544,-0.493139088,0.828034937,316400.14135042555,0,0,0,2039
17018,1114191,427885568,59.349890599999995,18.066287799999994,49.485000001266599,-0.308542937,0.100873515,-0.547394872,0.771352589,316400.24132601148,0,0,0,2039
17077,1114191,427885568,59.349890599999995,18.066287799999994,49.485000001266599,-0.183087125,0.176170796,-0.517292142,0.817222059,316400.34139315016,0,0,0,2039
17134,1114191,427885568,59.349890599999995,18.066287799999994,49.485000001266599,-0.0670607835,0.27812928,-0.445814818,0.848172307,316400.44136873609,0,0,0,2039
17193,1114191,427885568,59.349890599999995,18.066287799999994,49.485000001266599,-0.189735919,0.213377059,-0.482406855,0.828102767,316400.54134432203,0,0,0,2039
17251,1114191,427885568,59.349890599999995,18.066287799999994,49.485000001266599,-0.330345184,0.108355552,-0.550970793,0.75865829,316400.64131990797,0,0,0,2039
17309,1114191,427885568,59.349890599999995,18.066287799999994,49.485000001266599,-0.275624454,0.136772349,-0.550569892,0.776013792,316400.74138704664,0,0,0,2039
17367,1114191,427885568,59.349890599999995,18.066287799999994,49.485000001266599,-0.0981003419,0.27883327,-0.458532721,0.838078737,316400.84136263258,0,0,0,2039
17425,1114191,427885568,59.349890599999995,18.066287799999994,49.485000001266599,-0.118840687,0.273673445,-0.454713255,0.839175642,316400.94133821852,0,0,0,2039
17474,1114191,427885568,59.349890599999995,18.066287799999994,49.485000001266599,-0.294793159,0.166155547,-0.530875206,0.77695626,316401.04128328688,0,0,0,2039
17535,1114191,427885568,59.349890599999995,18.066287799999994,49.485000001266599,-0.32786864,0.148739979,-0.554998875,0.749903381,316401.14135042555,0,0,0,2039
17591,1114191,427885568,59.349890599999995,18.066287799999994,49.485000001266599,-0.162243396,0.282240987,-0.482768446,0.812989533,316401.24132601148,0,0,0,2039
17650,1114191,427885568,59.349890599999995,18.066287799999994,49.485000001266599,-0.104740642,0.309377521,-0.452629983,0.829723537,316401.34130159742,0,0,0,2039
17708,1114191,427885568,59.349890599999995,18.066287799999994,49.485000001266599,-0.281194687,0.20663473,-0.525506735,0.775934637,316401.44127718336,0,0,0,2039
17767,1114191,427885568,59.349890599999995,18.066287799999994,49.485000001266599,-0.345094204,0.152509272,-0.56550914,0.733382881,316401.5412527693,0,0,0,2039
17823,1114191,427885568,59.349890599999995,18.066287799999994,49.485000001266599,-0.195374995,0.277945459,-0.497682273,0.798052251,316401.64131990797,0,0,0,2039
17880,1114191,427885568,59.349890599999995,18.066287799999994,49.485000001266599,-0.0678804815,0.30308333,-0.448918104,0.837857723,316401.74129549391,0,0,0,2039
17935,1114191,427885568,59.349890599999995,18.066287799999994,49.485000001266599,-0.227473006,0.222960398,-0.510183275,0.79891032,316401.84127107984,0,0,0,2039
17996,1114191,427885568,59.349890599999995,18.066287799999994,49.485000001266599,-0.282037884,0.183220878,-0.530724347,0.777956724,316401.94124666578,0,0,0,2039
18052,1114187,427885568,59.349890599999995,18.066287799999994,49.485000001266599,-0.237215996,0.244322404,-0.507303476,0.791630208,316402.04137483961,0,0,0,2039
18112,1114187,427885568,59.349890599999995,18.066287799999994,49.485000001266599,-0.415760338,0.377892643,-0.418392539,0.713644266,316402.14135042555,0,0,0,2039
18170,1114187,427885568,59.349890599999995,18.066287799999994,49.485000001266599,-0.381646514,0.352971137,-0.437891096,0.733490825,316402.24132601148,0,0,0,2039
18232,1114187,427885568,59.349890599999995,18.066287799999994,49.485000001266599,-0.408588678,0.369014174,-0.425855339,0.718005121,316402.34130159742,0,0,0,2039
18288,1114187,427885568,59.349890599999995,18.066287799999994,49.485000001266599,-0.431468278,0.386480957,-0.411302745,0.703773975,316402.44136873609,0,0,0,2039
18348,1114179,427885568,59.349890599999995,18.066287799999994,49.485000001266599,-0.439852864,0.390445054,-0.407735795,0.698450983,316402.54134432203,0,0,0,2039
18403,1114187,427885568,59.349890599999995,18.066287799999994,49.485000001266599,-0.439379811,0.3892079,-0.408427805,0.699034572,316402.64131990797,0,0,0,2039
18461,1114179,427885568,59.349890599999995,18.066287799999994,49.485000001266599,-0.399297088,0.361939847,-0.432781786,0.722676516,316402.74129549391,0,0,0,2039
18520,1114187,427885568,59.349890599999995,18.066287799999994,49.485000001266599,-0.388216674,0.35480991,-0.439385653,0.728243232,316402.84136263258,0,0,0,2039
18576,1114179,427885568,59.349890599999995,18.066287799999994,49.485000001266599,-0.380010664,0.348515034,-0.444346488,0.732588172,316402.94133821852,0,0,0,2039
18632,1114179,427885568,59.349890599999995,18.066287799999994,49.485000001266599,-0.378234565,0.346979111,-0.445467561,0.733554959,316403.04137483961,0,0,0,2039
18693,1114179,427885568,59.349890599999995,18.066287799999994,49.485000001266599,-0.376578689,0.345519543,-0.446813524,0.734276831,316403.14135042555,0,0,0,2039
18747,1114187,427885568,59.349890599999995,18.066287799999994,49.485000001266599,-0.377589673,0.346801013,-0.446190715,0.733531892,316403.24141756422,0,0,0,2039
18805,1114179,427885568,59.349890599999995,18.066287799999994,49.485000001266599,-0.371611029,0.342462897,-0.449132919,0.736820281,316403.34139315016,0,0,0,2039
18860,1114179,427885568,59.349890599999995,18.066287799999994,49.485000001266599,-0.371113271,0.341129065,-0.449967355,0.73718071,316403.44136873609,0,0,0,2039
18919,1114179,427885568,59.349890599999995,18.066287799999994,49.485000001266599,-0.366498321,0.338822365,-0.451802135,0.739427745,316403.54134432203,0,0,0,2039
18973,1114178,427885568,59.349890599999995,18.066287799999994,49.485000001266599,-0.365796715,0.338759601,-0.452132821,0.739601791,316403.6414114607,0,0,0,2039
19033,1114179,427885568,59.349890599999995,18.066287799999994,49.485000001266599,-0.362425447,0.336176485,-0.453541428,0.741575003,316403.74138704664,0,0,0,2039
19089,1114187,427885568,59.349890599999995,18.066287799999994,49.485000001266599,-0.364388168,0.337196857,-0.452908874,0.740535796,316403.84136263258,0,0,0,2039
19150,1114179,427885568,59.349890599999995,18.066287799999994,49.485000001266599,-0.363314301,0.335906118,-0.453632683,0.741206765,316403.94133821852,0,0,0,2039
19207,1114179,427885568,59.349890599999995,18.066287799999994,49.485000001266599,-0.364295125,0.336334914,-0.453179836,0.740807593,316404.04137483961,0,0,0,2039
19267,1114179,427885568,59.349890599999995,18.066287799999994,49.485000001266599,-0.365604639,0.336741388,-0.452740222,0.740246475,316404.14135042555,0,0,0,2039
19326,1114178,427885568,59.349890599999995,18.066287799999994,49.485000001266599,-0.365906179,0.337066114,-0.452577502,0.740049183,316404.24132601148,0,0,0,2039
19384,1114178,427885568,59.349890599999995,18.066287799999994,49.485000001266599,-0.366494685,0.337260872,-0.45232603,0.739822984,316404.34130159742,0,0,0,2039
19440,1114178,427885568,59.349890599999995,18.066287799999994,49.485000001266599,-0.366547197,0.337340951,-0.452081352,0.739909947,316404.44136873609,0,0,0,2039
19498,1114178,427885568,59.349890599999995,18.066287799999994,49.485000001266599,-0.365931183,0.337089479,-0.451939136,0.740416288,316404.54134432203,0,0,0,2039
19556,1114178,427885568,59.349890599999995,18.066287799999994,49.485000001266599,-0.365856379,0.337313503,-0.451099306,0.740863204,316404.64131990797,0,0,0,2039
19612,1114187,427885568,59.349890599999995,18.066287799999994,49.485000001266599,-0.369819373,0.338395178,-0.450621665,0.73868984,316404.74129549391,0,0,0,2039
19667,1114179,427885568,59.349890599999995,18.066287799999994,49.485000001266599,-0.369034499,0.336296082,-0.452270836,0.739032924,316404.84136263258,0,0,0,2039
19729,1114187,427885568,59.349890599999995,18.066287799999994,49.485000001266599,-0.369270802,0.336588144,-0.451821059,0.739057124,316404.94133821852,0,0,0,2039
19786,1114179,427885568,59.349890599999995,18.066287799999994,49.485000001266599,-0.369324446,0.336089164,-0.451900482,0.739208817,316405.04137483961,0,0,0,2039
19846,1114179,427885568,59.349890599999995,18.066287799999994,49.485000001266599,-0.37112546,0.336866677,-0.451370537,0.738276005,316405.14135042555,0,0,0,2039
19900,1114187,427885568,59.349890599999995,18.066287799999994,49.485000001266599,-0.370517224,0.336959064,-0.451719552,0.738326013,316405.24141756422,0,0,0,2039
19956,1114191,427885568,59.349890599999995,18.066287799999994,49.485000001266599,-0.366322994,0.339528143,-0.454189062,0.737726569,316405.34139315016,0,0,0,2039
20011,1114187,427885568,59.349890599999995,18.066287799999994,49.485000001266599,-0.358332753,0.343660533,-0.462415755,0.734620273,316405.44136873609,0,0,0,2039
20068,1114187,427885568,59.349890599999995,18.066287799999994,49.485000001266599,-0.354001731,0.337622076,-0.469387144,0.73509872,316405.54134432203,0,0,0,2039
20123,1114191,427885568,59.349890599999995,18.066287799999994,49.485000001266599,-0.346537799,0.320035279,-0.446076453,0.760595143,316405.6414114607,0,0,0,2039
20186,1114191,427885568,59.349890599999995,18.066287799999994,49.485000001266599,-0.370391011,0.259548962,-0.308220297,0.836926043,316405.74138704664,0,0,0,2039
20240,1114191,427885568,59.349890599999995,18.066287799999994,49.485000001266599,-0.398395717,0.256505817,-0.22789754,0.850616455,316405.84136263258,0,0,0,2039
20294,1114191,427885568,59.349890599999995,18.066287799999994,49.485000001266599,-0.394415975,0.278430074,-0.335710824,0.808833182,316405.94133821852,0,0,0,2039
20350,1114187,427885568,59.349890599999995,18.066287799999994,49.485000001266599,-0.37041682,0.341046304,-0.474040836,0.722332478,316406.04137483961,0,0,0,2039
20408,1114187,427885568,59.349890599999995,18.066287799999994,49.485000001266599,-0.368923545,0.352346689,-0.508857191,0.693405867,316406.14135042555,0,0,0,2039
20466,1114187,427885568,59.349890599999995,18.066287799999994,49.485000001266599,-0.371217132,0.345304221,-0.490476668,0.708798766,316406.24132601148,0,0,0,2039
20524,1114191,427885568,59.349890599999995,18.066287799999994,49.485000001266599,-0.3818703,0.284289271,-0.412393123,0.776715398,316406.34130159742,0,0,0,2039
20580,1114187,427885568,59.349890599999995,18.066287799999994,49.485000001266599,-0.411507547,0.243260115,-0.26001361,0.838975012,316406.44136873609,0,0,0,2039
20639,1114191,427885568,59.349890599999995,18.066287799999994,49.485000001266599,-0.430413365,0.26970154,-0.141470119,0.849700928,316406.54134432203,0,0,0,2039
20693,1114187,427885568,59.349890599999995,18.066287799999994,49.485000001266599,-0.418749213,0.264915049,-0.178644329,0.850032687,316406.64131990797,0,0,0,2039
20753,1114187,427885568,59.349890599999995,18.066287799999994,49.485000001266599,-0.38411665,0.276516527,-0.324305892,0.819035351,316406.74129549391,0,0,0,2039
20811,1114187,427885568,59.349890599999995,18.066287799999994,49.485000001266599,-0.364118963,0.32726568,-0.415705413,0.766487896,316406.84136263258,0,0,0,2039
20872,1114187,427885568,59.349890599999995,18.066287799999994,49.485000001266599,-0.381532907,0.361578792,-0.443491995,0.7259534,316406.94133821852,0,0,0,2039
20927,1114187,427885568,59.349890599999995,18.066287799999994,49.485000001266599,-0.387020707,0.37056312,-0.440201133,0.720500529,316407.04137483961,0,0,0,2039
20985,1114187,427885568,59.349890599999995,18.066287799999994,49.485000001266599,-0.409795642,0.383368462,-0.422036469,0.712026298,316407.14135042555,0,0,0,2039
21041,1114187,427885568,59.349890599999995,18.066287799999994,49.485000001266599,-0.399953395,0.377652079,-0.421783179,0.720774055,316407.24141756422,0,0,0,2039
21102,1114187,427885568,59.349890599999995,18.066287799999994,49.485000001266599,-0.393643647,0.373500824,-0.423546046,0.72536242,316407.34139315016,0,0,0,2039
21157,1114179,427885568,59.349890599999995,18.066287799999994,49.485000001266599,-0.384842753,0.369029582,-0.426602632,0.730563819,316407.44136873609,0,0,0,2039
21215,1114179,427885568,59.349890599999995,18.066287799999994,49.485000001266599,-0.398818374,0.374382347,-0.417717904,0.725460947,316407.54134432203,0,0,0,2039
21268,1114187,427885568,59.349890599999995,18.066287799999994,49.485000001266599,-0.440463245,0.383795857,-0.390082657,0.711708188,316407.6414114607,0,0,0,2039
21331,1114187,427885568,59.349890599999995,18.066287799999994,49.485000001266599,-0.439208001,0.357084572,-0.392728657,0.724811196,316407.74138704664,0,0,0,2039
21385,1114187,427885568,59.349890599999995,18.066287799999994,49.485000001266599,-0.40547964,0.317177922,-0.416113377,0.749556065,316407.84136263258,0,0,0,2039
21446,1114179,427885568,59.349890599999995,18.066287799999994,49.485000001266599,-0.388130963,0.290168554,-0.430540502,0.761440456,316407.94133821852,0,0,0,2039
21498,1114187,427885568,59.349890599999995,18.066287799999994,49.485000001266599,-0.393837214,0.278731108,-0.432863951,0.761465847,316408.04137483961,0,0,0,2039
21556,1114187,427885568,59.349890599999995,18.066287799999994,49.485000001266599,-0.410786331,0.273730785,-0.423523933,0.759574652,316408.14135042555,0,0,0,2039
21607,1114187,427885568,59.349890599999995,18.066287799999994,49.485000001266599,-0.447862148,0.265545994,-0.382477492,0.76329273,316408.24132601148,0,0,0,2039
21645,1114187,427885568,59.349890599999995,18.066287799999994,49.485000001266599,-0.462485909,0.240967542,-0.344119281,0.780783892,316408.34698640998,0,0,0,2039
21685,1114187,427885568,59.349890599999995,18.066287799999994,49.485000001266599,-0.469685137,0.221753225,-0.317955434,0.793174446,316408.44629183132,0,0,0,2039
21748,1114187,427885568,59.349890599999995,18.066287799999994,49.485000001266599,-0.469638437,0.223551199,-0.285743177,0.80486995,316408.54634432227,0,0,0,2039
21806,1114187,427885568,59.349890599999995,18.066287799999994,49.485000001266599,-0.469824553,0.243908137,-0.232930094,0.815792501,316408.64631990821,0,0,0,2039
21866,1114187,427885568,59.349890599999995,18.066287799999994,49.485000001266599,-0.486731023,0.269882351,-0.180778936,0.810910344,316408.74629549414,0,0,0,2039
21921,1114187,427885568,59.349890599999995,18.066287799999994,49.485000001266599,-0.506404519,0.29768604,-0.118322134,0.800585687,316408.84636263282,0,0,0,2039
21979,1114187,427885568,59.349890599999995,18.066287799999994,49.485000001266599,-0.495271355,0.309025466,-0.0767723247,0.808279455,316408.94633821875,0,0,0,2039
22033,1114187,427885568,59.349890599999995,18.066287799999994,49.485000001266599,-0.455480218,0.300747275,-0.0547711924,0.836115599,316409.04637483985,0,0,0,2039
22093,1114187,427885568,59.349890599999995,18.066287799999994,49.485000001266599,-0.429461241,0.275490731,-0.0490748845,0.858638167,316409.14635091345,0,0,0,2039
22148,1114187,427885568,59.349890599999995,18.066287799999994,49.485000001266599,-0.401640028,0.260111719,-0.049662713,0.876676083,316409.24641756446,0,0,0,2039
22206,1114191,427885568,59.349890599999995,18.066287799999994,49.485000001266599,-0.410958529,0.303966433,0.00864742417,0.859443307,316409.34639315039,0,0,0,2039
22262,1114187,427885568,59.349890599999995,18.066287799999994,49.485000001266599,-0.454672813,0.301346868,0.0326433815,0.837494612,316409.44636873633,0,0,0,2039
22317,1114187,427885568,59.349890599999995,18.066287799999994,49.485000001266599,-0.48326546,0.291152388,0.040615648,0.82464242,316409.54634432227,0,0,0,2039
22371,1114187,427885568,59.349890599999995,18.066287799999994,49.485000001266599,-0.491413653,0.286512703,0.0441560932,0.821263492,316409.64641146094,0,0,0,2039
22427,1114187,427885568,59.349890599999995,18.066287799999994,49.485000001266599,-0.487162054,0.289676666,0.046172563,0.822574437,316409.74638704688,0,0,0,2039
22483,1114187,427885568,59.349890599999995,18.066287799999994,49.485000001266599,-0.47440061,0.298434883,0.0461324081,0.826893389,316409.84636263282,0,0,0,2039
22541,1114187,427885568,59.349890599999995,18.066287799999994,49.485000001266599,-0.471461833,0.300655752,0.0461093448,0.827770412,316409.94633821875,0,0,0,2039
22597,1114179,427885568,59.349890599999995,18.066287799999994,49.485000001266599,-0.460530192,0.302480936,0.0427780822,0.833419085,316410.04637483985,0,0,0,2039
22655,1114187,427885568,59.349890599999995,18.066287799999994,49.485000001266599,-0.451837987,0.304003477,0.0407502688,0.83771342,316410.14635042578,0,0,0,2039
22713,1114187,427885568,59.349890599999995,18.066287799999994,49.485000001266599,-0.441896945,0.304989487,0.0380051285,0.842771769,316410.24632601172,0,0,0,2039
22772,1114179,427885568,59.349890599999995,18.066287799999994,49.485000001266599,-0.433138013,0.305635691,0.0353261083,0.847189724,316410.34630159766,0,0,0,2039
22829,1114187,427885568,59.349890599999995,18.066287799999994,49.485000001266599,-0.429530978,0.305987835,0.0343074352,0.84893918,316410.44636873633,0,0,0,2039
22887,1114187,427885568,59.349890599999995,18.066287799999994,49.485000001266599,-0.4177351,0.307502866,0.0302054528,0.854416132,316410.54634432227,0,0,0,2039
22941,1114187,427885568,59.349890599999995,18.066287799999994,49.485000001266599,-0.401675373,0.308408678,0.0254630242,0.861912251,316410.64631990821,0,0,0,2039
22999,1114187,427885568,59.349890599999995,18.066287799999994,49.485000001266599,-0.405393898,0.308422089,0.0275536422,0.86010021,316410.74629549414,0,0,0,2039
23056,1114179,427885568,59.349890599999995,18.066287799999994,49.485000001266599,-0.409029782,0.308425397,0.0293493345,0.858316422,316410.84636263282,0,0,0,2039
23115,1114187,427885568,59.349890599999995,18.066287799999994,49.485000001266599,-0.403854907,0.30877009,0.0280461498,0.860683203,316410.94633821875,0,0,0,2039
23168,1114179,427885568,59.349890599999995,18.066287799999994,49.485000001266599,-0.4005211,0.308961838,0.0272244178,0.862197399,316411.04637483985,0,0,0,2039
23229,1114178,427885568,59.349890599999995,18.066287799999994,49.485000001266599,-0.39406988,0.309182614,0.0252102353,0.865147173,316411.14635042578,0,0,0,2039
23284,1114176,427885568,59.349890599999995,18.066287799999994,49.485000001266599,-0.386573166,0.309353769,0.0228000935,0.868528426,316411.24641756446,0,0,0,2039
23341,1114176,427885568,59.349890599999995,18.066287799999994,49.485000001266599,-0.379679859,0.309489787,0.0205816701,0.871570945,316411.34639315039,0,0,0,2039
23395,1114176,427885568,59.349890599999995,18.066287799999994,49.485000001266599,-0.374266535,0.309604287,0.0188407209,0.873907745,316411.44636873633,0,0,0,2039
23455,1114176,427885568,59.349890599999995,18.066287799999994,49.485000001266599,-0.370717168,0.309668213,0.0177656785,0.875419378,316411.54634432227,0,0,0,2039
23513,1114176,427885568,59.349890599999995,18.066287799999994,49.485000001266599,-0.36580199,0.309710324,0.0162014626,0.877499938,316411.64641146094,0,0,0,2039
23571,1114176,427885568,59.349890599999995,18.066287799999994,49.485000001266599,-0.362281054,0.309752196,0.0150969317,0.878964365,316411.74638704688,0,0,0,2039
23625,1114187,427885568,59.349890599999995,18.066287799999994,49.485000001266599,-0.36196512,0.309668154,0.015121147,0.879123569,316411.84636263282,0,0,0,2039
23685,1114187,427885568,59.349890599999995,18.066287799999994,49.485000001266599,-0.353307635,0.309764564,0.0123186586,0.88264817,316411.94633821875,0,0,0,2039
23743,1114179,427885568,59.349890599999995,18.066287799999994,49.485000001266599,-0.350675732,0.30983898,0.0115542188,0.883681476,316412.04637483985,0,0,0,2039
23804,1114179,427885568,59.349890599999995,18.066287799999994,49.485000001266599,-0.350779444,0.309817046,0.0117031923,0.883646071,316412.14635042578,0,0,0,2039
23862,1114187,427885568,59.349890599999995,18.066287799999994,49.485000001266599,-0.349663287,0.309823424,0.0114206644,0.884089768,316412.24632601172,0,0,0,2039
23921,1114187,427885568,59.349890599999995,18.066287799999994,49.485000001266599,-0.346053392,0.309950382,0.0104861427,0.885476172,316412.34630159766,0,0,0,2039
23977,1114179,427885568,59.349890599999995,18.066287799999994,49.485000001266599,-0.34242636,0.3099235,0.00932801608,0.886907458,316412.44636873633,0,0,0,2039
24036,1114179,427885568,59.349890599999995,18.066287799999994,49.485000001266599,-0.34095031,0.309847385,0.00892847311,0.887506545,316412.54634432227,0,0,0,2039
24090,1114179,427885568,59.349890599999995,18.066287799999994,49.485000001266599,-0.34177193,0.309792578,0.00931243598,0.88720566,316412.64631990821,0,0,0,2039
24151,1114177,427885568,59.349890599999995,18.066287799999994,49.485000001266599,-0.342387855,0.30965966,0.00960863847,0.887011349,316412.74629549414,0,0,0,2039
24204,1114176,427885568,59.349890599999995,18.066287799999994,49.485000001266599,-0.341860741,0.309630513,0.00959133543,0.887225151,316412.84636263282,0,0,0,2039
24263,1114176,427885568,59.349890599999995,18.066287799999994,49.485000001266599,-0.341988623,0.309616894,0.00973283313,0.887179017,316412.94633821875,0,0,0,2039
24318,1114178,427885568,59.349890599999995,18.066287799999994,49.485000001266599,-0.339864433,0.309690863,0.0090453038,0.887976289,316413.04637483985,0,0,0,2039
24378,1114178,427885568,59.349890599999995,18.066287799999994,49.485000001266599,-0.340485752,0.309645265,0.00935623795,0.887751043,316413.14635042578,0,0,0,2039
24435,1114179,427885568,59.349890599999995,18.066287799999994,49.485000001266599,-0.340090692,0.309670091,0.0094305072,0.887892962,316413.24641756446,0,0,0,2039
24491,1114179,427885568,59.349890599999995,18.066287799999994,49.485000001266599,-0.339401215,0.309705406,0.00928016473,0.888146102,316413.34639315039,0,0,0,2039
24548,1114179,427885568,59.349890599999995,18.066287799999994,49.485000001266599,-0.339881271,0.309697777,0.00951695815,0.88796258,316413.44636873633,0,0,0,2039
24609,1114179,427885568,59.349890599999995,18.066287799999994,49.485000001266599,-0.338661194,0.309647769,0.00913186092,0.888450146,316413.54634432227,0,0,0,2039
24665,1114179,427885568,59.349890599999995,18.066287799999994,49.485000001266599,-0.338289678,0.309561133,0.00908256043,0.888622344,316413.64641146094,0,0,0,2039
24725,1114187,427885568,59.349890599999995,18.066287799999994,49.485000001266599,-0.338791937,0.30953604,0.00929598138,0.88843751,316413.74638704688,0,0,0,2039
24777,1114187,427885568,59.349890599999995,18.066287799999994,49.485000001266599,-0.337194145,0.309381694,0.00877481978,0.889104128,316413.84636263282,0,0,0,2039
24845,1114187,427885568,59.349890599999995,18.066287799999994,49.485000001266599,-0.333786339,0.309279978,0.00805273652,0.890431285,316415.04637483985,0,0,0,2039
24904,1114179,427885568,59.349890599999995,18.066287799999994,49.485000001266599,-0.335153282,0.30922395,0.00856146961,0.889932334,316415.14635042578,0,0,0,2039
24960,1114179,427885568,59.349890599999995,18.066287799999994,49.485000001266599,-0.335988224,0.309218973,0.00891470816,0.889615655,316415.24641756446,0,0,0,2039
25016,1114179,427885568,59.349890599999995,18.066287799999994,49.485000001266599,-0.335528135,0.309210896,0.00879794452,0.889793336,316415.34639315039,0,0,0,2039
25072,1114179,427885568,59.349890599999995,18.066287799999994,49.485000001266599,-0.334923148,0.309175313,0.00860048831,0.890035629,316415.44636873633,0,0,0,2039
25131,1114179,427885568,59.349890599999995,18.066287799999994,49.485000001266599,-0.334658891,0.309155881,0.00852431636,0.890142441,316415.54634432227,0,0,0,2039
25183,1114179,427885568,59.349890599999995,18.066287799999994,49.485000001266599,-0.334479421,0.309168428,0.00848918408,0.89020586,316415.64641146094,0,0,0,2039
25243,1114179,427885568,59.349890599999995,18.066287799999994,49.485000001266599,-0.332633853,0.309167087,0.00784154236,0.890903413,316415.74638704688,0,0,0,2039
25299,1114179,427885568,59.349890599999995,18.066287799999994,49.485000001266599,-0.331726968,0.309178293,0.00753062405,0.891240299,316415.84636263282,0,0,0,2039
25357,1114176,427885568,59.349890599999995,18.066287799999994,49.485000001266599,-0.330739528,0.309203535,0.00719304895,0.891601324,316415.94633821875,0,0,0,2039
25411,1114176,427885568,59.349890599999995,18.066287799999994,49.485000001266599,-0.330279589,0.309178352,0.00704897894,0.891781688,316416.04646639258,0,0,0,2039
25470,1114176,427885568,59.349890599999995,18.066287799999994,49.485000001266599,-0.330557257,0.309179455,0.00716706226,0.891677618,316416.14644197852,0,0,0,2039
25527,1114176,427885568,59.349890599999995,18.066287799999994,49.485000001266599,-0.329664648,0.309176028,0.00687220786,0.892011344,316416.24641756446,0,0,0,2039
25583,1114176,427885568,59.349890599999995,18.066287799999994,49.485000001266599,-0.330301404,0.309157699,0.00711226137,0.891780257,316416.34639315039,0,0,0,2039
25637,1114176,427885568,59.349890599999995,18.066287799999994,49.485000001266599,-0.329190075,0.309151739,0.00672282884,0.892196119,316416.44646028907,0,0,0,2039
25693,1114176,427885568,59.349890599999995,18.066287799999994,49.485000001266599,-0.328676462,0.309126914,0.00656531984,0.892395377,316416.546435875,0,0,0,2039
25745,1114176,427885568,59.349890599999995,18.066287799999994,49.485000001266599,-0.329308987,0.309110433,0.00681311823,0.89216578,316416.64641146094,0,0,0,2039
25802,1114176,427885568,59.349890599999995,18.066287799999994,49.485000001266599,-0.32885474,0.309107155,0.00662333239,0.892336011,316416.74638704688,0,0,0,2039
25858,1114179,427885568,59.349890599999995,18.066287799999994,49.485000001266599,-0.327953845,0.309137106,0.0063308808,0.892659247,316416.84645418555,0,0,0,2039
25914,1114179,427885568,59.349890599999995,18.066287799999994,49.485000001266599,-0.327653587,0.30908668,0.00625366438,0.892787516,316416.94642977149,0,0,0,2039
25963,1114179,427885568,59.349890599999995,18.066287799999994,49.485000001266599,-0.327358931,0.309066862,0.00615532929,0.89290309,316417.04637483985,0,0,0,2039
26022,1114179,427885568,59.349890599999995,18.066287799999994,49.485000001266599,-0.327555358,0.309013724,0.00625046855,0.892848909,316417.14635042578,0,0,0,2039
26078,1114186,427885568,59.349890599999995,18.066287799999994,49.485000001266599,-0.328924507,0.30893302,0.00670922361,0.892369986,316417.24641756446,0,0,0,2039
26137,1114179,427885568,59.349890599999995,18.066287799999994,49.485000001266599,-0.328576267,0.309028417,0.0066934973,0.892465353,316417.34639315039,0,0,0,2039
26194,1114179,427885568,59.349890599999995,18.066287799999994,49.485000001266599,-0.328768611,0.308985293,0.00677118776,0.892408848,316417.44636873633,0,0,0,2039
26250,1114178,427885568,59.349890599999995,18.066287799999994,49.485000001266599,-0.328220218,0.308913797,0.00659835152,0.892636657,316417.54634432227,0,0,0,2039
26307,1114176,427885568,59.349890599999995,18.066287799999994,49.485000001266599,-0.327647984,0.308928519,0.00647434499,0.89284271,316417.64641146094,0,0,0,2039
26368,1114176,427885568,59.349890599999995,18.066287799999994,49.485000001266599,-0.326538235,0.308912784,0.00607797503,0.89325738,316417.74638704688,0,0,0,2039
26425,1114176,427885568,59.349890599999995,18.066287799999994,49.485000001266599,-0.326383471,0.30889383,0.00602928037,0.893320858,316417.84636263282,0,0,0,2039
26483,1114176,427885568,59.349890599999995,18.066287799999994,49.485000001266599,-0.326181769,0.309002131,0.00596088963,0.893357456,316417.94633821875,0,0,0,2039
26540,1114187,427885568,59.349890599999995,18.066287799999994,49.485000001266599,-0.325404823,0.308926255,0.00577460788,0.893668294,316418.04646639258,0,0,0,2039
26599,1114187,427885568,59.349890599999995,18.066287799999994,49.485000001266599,-0.324519128,0.308897197,0.00550573692,0.89400208,316418.14644197852,0,0,0,2039
26655,1114187,427885568,59.349890599999995,18.066287799999994,49.485000001266599,-0.324131817,0.308834761,0.00538226962,0.894164801,316418.24641756446,0,0,0,2039
26707,1114195,427885568,59.349890599999995,18.066287799999994,49.485000001266599,-0.323572755,0.308760047,0.00517180096,0.894394457,316418.34639315039,0,0,0,2039
26763,1114195,427885568,59.349890599999995,18.066287799999994,49.485000001266599,-0.324679762,0.308742136,0.00554797798,0.893996954,316418.44646028907,0,0,0,2039
26823,1114195,427885568,59.349890599999995,18.066287799999994,49.485000001266599,-0.32545957,0.308715701,0.00582202943,0.893720865,316418.546435875,0,0,0,2039
26883,1114193,427885568,59.349890599999995,18.066287799999994,49.485000001266599,-0.326958835,0.308622777,0.00633493951,0.893201947,316418.64641146094,0,0,0,2039
26942,1114195,427885568,59.349890599999995,18.066287799999994,49.485000001266599,-0.327178031,0.308678448,0.00648220628,0.893101454,316418.74638704688,0,0,0,2039
27001,1114195,427885568,59.349890599999995,18.066287799999994,49.485000001266599,-0.327322364,0.308690667,0.00656375568,0.893043756,316418.84645418555,0,0,0,2039
27061,1114179,427885568,59.349890599999995,18.066287799999994,49.485000001266599,-0.327713341,0.308659852,0.00671038497,0.892909884,316418.94642977149,0,0,0,2039
27115,1114176,427885568,59.349890599999995,18.066287799999994,49.485000001266599,-0.327321321,0.308653414,0.00654958514,0.893057168,316419.04637483985,0,0,0,2039
27176,1114192,427885568,59.349890599999995,18.066287799999994,49.485000001266599,-0.326286346,0.308654159,0.00620209659,0.893438101,316419.14635042578,0,0,0,2039
27231,1114192,427885568,59.349890599999995,18.066287799999994,49.485000001266599,-0.325366735,0.308631897,0.0059044282,0.893783152,316419.24641756446,0,0,0,2039
27283,1114178,427885568,59.349890599999995,18.066287799999994,49.485000001266599,-0.324578732,0.308606625,0.00562787056,0.894080102,316419.34639315039,0,0,0,2039
27342,1114178,427885568,59.349890599999995,18.066287799999994,49.485000001266599,-0.324192792,0.308542639,0.00550785568,0.894242823,316419.44636873633,0,0,0,2039
27400,1114194,427885568,59.349890599999995,18.066287799999994,49.485000001266599,-0.325023323,0.308537811,0.00582691422,0.893940866,316419.54634432227,0,0,0,2039
27457,1114192,427885568,59.349890599999995,18.066287799999994,49.485000001266599,-0.324978739,0.308575869,0.00580355339,0.893944204,316419.64641146094,0,0,0,2039
27516,1114176,427885568,59.349890599999995,18.066287799999994,49.485000001266599,-0.325579584,0.308578253,0.00600933563,0.893723249,316419.74638704688,0,0,0,2039
27570,1114176,427885568,59.349890599999995,18.066287799999994,49.485000001266599,-0.325850368,0.308554828,0.00610644557,0.893632114,316419.84636263282,0,0,0,2039
27629,1114176,427885568,59.349890599999995,18.066287799999994,49.485000001266599,-0.326122016,0.308536947,0.0061992188,0.893538475,316419.94633821875,0,0,0,2039
27681,1114176,427885568,59.349890599999995,18.066287799999994,49.485000001266599,-0.327078015,0.308536291,0.00650314242,0.893187046,316420.04646639258,0,0,0,2039
27742,1114176,427885568,59.349890599999995,18.066287799999994,49.485000001266599,-0.326637685,0.308495253,0.0063408562,0.893363535,316420.14644197852,0,0,0,2039
27800,1114176,427885568,59.349890599999995,18.066287799999994,49.485000001266599,-0.326379418,0.308426976,0.00626267819,0.89348197,316420.24641756446,0,0,0,2039
27855,1114187,427885568,59.349890599999995,18.066287799999994,49.485000001266599,-0.325017393,0.308572263,0.00588606996,0.893930793,316420.34739315044,0,0,0,2039
27910,1114179,427885568,59.349890599999995,18.066287799999994,49.485000001266599,-0.324604392,0.308562517,0.00585728465,0.894084454,316420.4464673691,0,0,0,2039
27964,1114179,427885568,59.349890599999995,18.066287799999994,49.485000001266599,-0.324931502,0.308521301,0.00602145074,0.893978834,316420.546435875,0,0,0,2039
28023,1114178,427885568,59.349890599999995,18.066287799999994,49.485000001266599,-0.324007601,0.308504581,0.00572950067,0.89432168,316420.64641146094,0,0,0,2039
28082,1114178,427885568,59.349890599999995,18.066287799999994,49.485000001266599,-0.32350269,0.308486581,0.00554466853,0.894511819,316420.74738704693,0,0,0,2039
28137,1114179,427885568,59.349890599999995,18.066287799999994,49.485000001266599,-0.323716521,0.308490247,0.00564349815,0.894432664,316420.84646126558,0,0,0,2039
28197,1114179,427885568,59.349890599999995,18.066287799999994,49.485000001266599,-0.323791683,0.308464885,0.00567995012,0.894413888,316420.94642977149,0,0,0,2039
28250,1114179,427885568,59.349890599999995,18.066287799999994,49.485000001266599,-0.324501127,0.30842793,0.00591048645,0.894168139,316421.04637483985,0,0,0,2039
28309,1114177,427885568,59.349890599999995,18.066287799999994,49.485000001266599,-0.324759066,0.308380753,0.00600848347,0.894089937,316421.14735042583,0,0,0,2039
28364,1114177,427885568,59.349890599999995,18.066287799999994,49.485000001266599,-0.325129837,0.308380187,0.00611811271,0.893954575,316421.24642464449,0,0,0,2039
28421,1114176,427885568,59.349890599999995,18.066287799999994,49.485000001266599,-0.325277179,0.30836612,0.00615987182,0.89390564,316421.34639315039,0,0,0,2039
28481,1114176,427885568,59.349890599999995,18.066287799999994,49.485000001266599,-0.325429887,0.308350563,0.00623602327,0.893854856,316421.44636873633,0,0,0,2039
28539,1114176,427885568,59.349890599999995,18.066287799999994,49.485000001266599,-0.326020151,0.308333218,0.0064675929,0.893644035,316421.54734432232,0,0,0,2039
28598,1114176,427885568,59.349890599999995,18.066287799999994,49.485000001266599,-0.326677561,0.30829215,0.00668240339,0.893416584,316421.64732698828,0,0,0,2039
28659,1114176,427885568,59.349890599999995,18.066287799999994,49.485000001266599,-0.327141643,0.308296561,0.00685152132,0.893243968,316421.74639412691,0,0,0,2039
28712,1114176,427885568,59.349890599999995,18.066287799999994,49.485000001266599,-0.326881528,0.308296144,0.00676408736,0.893340051,316421.84736263286,0,0,0,2039
28771,1114176,427885568,59.349890599999995,18.066287799999994,49.485000001266599,-0.32636252,0.308282197,0.00660087354,0.893535793,316421.94734529883,0,0,0,2039
28827,1114176,427885568,59.349890599999995,18.066287799999994,49.485000001266599,-0.326320201,0.308287531,0.00658606924,0.893549562,316422.04738191993,0,0,0,2039
28887,1114176,427885568,59.349890599999995,18.066287799999994,49.485000001266599,-0.327010304,0.308259487,0.00680356147,0.893305182,316422.14644905855,0,0,0,2039
28942,1114176,427885568,59.349890599999995,18.066287799999994,49.485000001266599,-0.326315492,0.308250517,0.00658982527,0.893563986,316422.2474175645,0,0,0,2039
29003,1114176,427885568,59.349890599999995,18.066287799999994,49.485000001266599,-0.325692743,0.308239251,0.00642070267,0.893796325,316422.34740023047,0,0,0,2039
29056,1114179,427885568,59.349890599999995,18.066287799999994,49.485000001266599,-0.325957239,0.308177263,0.00652017491,0.893720388,316422.44737581641,0,0,0,2039
29116,1114179,427885568,59.349890599999995,18.066287799999994,49.485000001266599,-0.324835926,0.3081626,0.00614019809,0.894136369,316422.54644295503,0,0,0,2039
